business_id,name,address,city,state,postal_code,data,score
FSP-060-001631,10,990 PIEDMONT AVE,ATLANTA,GA,30309,2015/02/19,95
FSP-060-001991,10 Degrees South,4183 ROSWELL RD,ATLANTA,GA,30342,2015/04/24,100
1-23971,187 Midtown  LLC,187 10TH ST,ATLANTA,GA,30309,2015/06/02,82
(1-13),1st Methodist Church,360 PEACHTREE ST N,ATLANTA,GA,30308,2015/02/12,87
1-31657,2 Mato,200 PIEDMONT AVE,ATLANTA,GA,30334,2015/05/04,81
2-31665,200 Peachtree,200 PEACHTREE ST,ATLANTA,GA,30303,2015/03/05,91
FSP-060-000482,22 Storys Lobby Bar,265 PEACHTREE ST NE,ATLANTA,GA,30303,2015/04/29,100
1-26637,285 West Soul Food,2636 MARTIN LUTHER KING JR. DR STE 10,ATLANTA,GA,30311,2015/04/14,88
FSP-060-001425,3109 Piedmont Estate And Gardens,3109 PIEDMONT RD,ATLANTA,GA,30305,2015/01/14,98
FSP-060-002050,360 Cafe,1747 METROPOLITAN PKWY,ATLANTA,GA,30315,2015/03/09,75
1-18914,5 Seasons Brewing,5600 ROSWELL STE 21,ATLANTA,GA,30342,2015/04/10,92
1-18914,5 Seasons Brewing,5600 ROSWELL STE 21,ATLANTA,GA,30342,2015/04/02,76
1-29329,50 Yard Line Sport Bar,7490 OLD NATIONAL HWY STE 100,RIVERDALE,GA,30296,2015/05/21,94
1-29329,50 Yard Line Sport Bar,7490 OLD NATIONAL HWY STE 100,RIVERDALE,GA,30296,2015/05/15,79
FSP-060-002702,521 Kitchen & Que,4365 ROSWELL RD STE 4367,ATLANTA,GA,30342,2015/05/08,100
FSP-060-002474,600 Degrees Pizza,5415 OLD NATIONAL HWY,COLLEGE PARK,GA,30349,2015/05/07,91
FSP-060-002473,656 Sports Bar & Grille Bar,656 PRYOR ST,ATLANTA,GA,30312,2015/01/06,96
FSP-060-002472,656 Sports Bar & Grille Kitchen,656 PRYOR ST,ATLANTA,GA,30312,2015/01/06,95
FSP-060-001450,730 Big Apple,730 PEACHTREE ST STE 110,ATLANTA,GA,30308,2015/01/29,100
FSP-060-001450,730 Big Apple,730 PEACHTREE ST STE 110,ATLANTA,GA,30308,2015/01/28,78
FSP-060-001225,A Building Kitchen,285 ANDREW YOUNG INTERNATIONAL BLVD,ATLANTA,GA,30313,2015/02/23,100
(1-37),A G Rhodes Home Inc,350 BOULEVARD SE,ATLANTA,GA,30312,2015/04/07,90
1-24385,A Royal Affair Cafe Inc,5920 ROSWELL RD STE D-205,ATLANTA,GA,30328,2015/02/02,93
2-31512,A Town Wings,2644 METROPOLITAN PKWY,ATLANTA,GA,30315,2015/05/18,79
(1-41),A Phillip Randolph Elementary School,5320 CAMPBELLTON,ATLANTA,GA,30331,2015/03/23,100
(1-43),Aa Synagogue Meat Kitchen,600 PEACHTREE BATTLE,ATLANTA,GA,30327,2015/01/28,95
(1-44),Aa Synagogue Milk Kit,600 PEACHTREE BATTLE,ATLANTA,GA,30327,2015/01/29,100
1-16454,Abbotts Hill Elementary School,5575 ABBOTTS BRIDGE RD,DULUTH,GA,30097,2015/03/06,100
FSP-060-001352,Abdullah The Butcher  Lopez Management Inc,2387 FAIRBURN RD,ATLANTA,GA,30331,2015/05/13,83
FSP-060-001352,Abdullah The Butcher  Lopez Management Inc,2387 FAIRBURN RD,ATLANTA,GA,30331,2015/04/29,65
1-23280,Adamsville Elementary School,286 WILSON MILL RD SW,ATLANTA,GA,30331,2015/03/05,99
FSP-060-001749,AFC Sushi,350 SPELMAN LN,ATLANTA,GA,30314,2015/04/28,100
FSP-060-002500,African Cuisine,1919 METROPOLITAN PKWY,ATLANTA,GA,30315,2015/02/09,74
FSP-060-000244,Agora,3850 JONESBORO RD SE,ATLANTA,GA,30354,2015/02/13,95
FSP-060-002754,Air Wings Fish & Deli,7490 OLD NATIONAL HWY STE 700,RIVERDALE,GA,30296,2015/05/21,98
FSP-060-002754,Air Wings Fish & Deli,7490 OLD NATIONAL HWY STE 700,RIVERDALE,GA,30296,2015/05/13,79
FSP-060-002754,Air Wings Fish & Deli,7490 OLD NATIONAL HWY STE 700,RIVERDALE,GA,30296,2015/01/06,90
1-31142,Akina Restaurant,5815 WINDWARD PKWY,ALPHARETTA,GA,30005,2015/02/06,97
1-31142,Akina Restaurant,5815 WINDWARD PKWY,ALPHARETTA,GA,30005,2015/01/26,78
1-25537,All Saints Episcopal Church,634 WEST PEACHTREE ST,ATLANTA,GA,30308,2015/01/05,100
FSP-060-001678,All Starz Sports Bar and Lounge,4847 OLD NATIONAL HWY,ATLANTA,GA,30337,2015/06/06,92
1-24225,Aloha,550 PIEDMONT AVE NE,ATLANTA,GA,30308,2015/01/29,90
1-24225,Aloha,550 PIEDMONT AVE NE,ATLANTA,GA,30308,2015/01/20,71
(1-76),Alpha Soda,11760 HAYNES BRIDGE,ALPHARETTA,GA,30004,2015/05/13,92
(1-78),Alpharetta Elementary  School,192 MAYFIELD ST,ALPHARETTA,GA,30201,2015/03/26,100
(1-3038),Alpharetta Family Skate Center,10800 DAVIS DR,ALPHARETTA,GA,30004,2015/05/07,95
1-25446,Alpharetta High School,3595 WEBB BRIDGE,ALPHARETTA,GA,30005,2015/03/05,100
1-13274,Alpharetta Marriott  Lobby Bar,5750 WINDWARD PKWY,ALPHARETTA,GA,30005,2015/02/13,100
1-13275,Alpharetta Marriott  Vidalias,5750 WINDWARD PKWY,ALPHARETTA,GA,30005,2015/02/13,91
(1-80),Alpharetta Swimming Pool Concession,1810 OLD MILTON PKWY,ALPHARETTA,GA,30004,2015/05/07,100
FSP-060-000004,Alpine Bakery 1 LLC,12315 CRABAPPLE RD STE 100,ALPHARETTA,GA,30004,2015/06/03,99
FSP-060-002195,Alston & Bird 49th Floor Bar,1201 WEST PEACHTREE ST,ATLANTA,GA,30309,2015/02/26,100
FSP-060-002179,Alston & Bird Dining 50th & 51st FLOOR,1201 WEST PEACHTREE ST,ATLANTA,GA,30309,2015/02/26,100
FSP-060-002180,Alston & Bird Pantry 49th Floor,1201 WEST PEACHTREE ST,ATLANTA,GA,30309,2015/02/26,96
FSP-060-000810,Amana Academy,285 SOUTH MAIN STREET,ALPHARETTA,GA,30009,2015/03/19,100
(1-84),AMC Theatres Buckhead Backlot 6,3340 PEACHTREE RD,ATLANTA,GA,30326,2015/04/15,97
FSP-060-000609,American Burger,1603 WHITE WAY,ATLANTA,GA,30344,2015/05/12,96
FSP-060-000609,American Burger,1603 WHITE WAY,ATLANTA,GA,30344,2015/04/28,76
1-31204,American Deli,4733 JONESBORO RD STE 130,UNION CITY,GA,30291,2015/03/13,95
FSP-060-001127,American Deli,2685 METROPOLITAN PKWY,ATLANTA,GA,30315,2015/05/20,97
FSP-060-000223,American Deli,50 UPPER ALABAMA ST,ATLANTA,GA,30303,2015/04/30,92
FSP-060-002812,American Deli,3530 CAMP CREEK PKWY STE 140,EAST POINT,GA,30344,2015/01/16,96
FSP-060-001034,American Deli,2457 MARTIN LUTHER KING JR. DR STE D,ATLANTA,GA,30311,2015/04/22,94
FSP-060-001034,American Deli,2457 MARTIN LUTHER KING JR. DR STE D,ATLANTA,GA,30311,2015/04/14,70
1-31286,American Deli,5190 OLD NATIONAL HWY STE B,COLLEGE PARK,GA,30349,2015/05/08,90
1-30433,American Girl Retail Inc,1202 NORTH POINT CIR,ALPHARETTA,GA,30022,2015/01/28,91
(1-99),American Golf Snack Bar,216 WEST WIEUCA RD,ATLANTA,GA,30342,2015/03/30,100
FSP-060-002703,American Hibachi,6071 OLD NATIONAL HWY STE 101,COLLEGE PARK,GA,30349,2015/03/11,93
1-28625,American Sandwich,2910 CAMPBELLTON SW,ATLANTA,GA,30311,2015/04/22,89
1-24137,American Wing & Deli,2143 MAIN ST,EAST POINT,GA,30344,2015/04/27,92
1-32106,Americas Mart Cafe  On 8  Bld 2,230 SPRING ST,ATLANTA,GA,30303,2015/01/09,100
1-28959,Amsterdam Cafe,502-A AMSTERDAM AVE NE,ATLANTA,GA,30306,2015/04/07,98
1-32418,Anatolia Cafe,52 PEACHTREE ST,ATLANTA,GA,30303,2015/05/07,85
1-32011,Andretti Grill,11000 ALPHARETTA HWY,ROSWELL,GA,30076,2015/01/22,94
FSP-060-000148,Angelinas Natural Blend,285 ANDREW YOUNG INTERNATIONAL BLVD,ATLANTA,GA,30313,2015/03/26,100
FSP-060-001096,Angelinas Smoothies,285 ANDREW YOUNG INTERNATIONAL BLVD,ATLANTA,GA,30313,2015/03/26,100
FSP-060-001096,Angelinas Smoothies,285 ANDREW YOUNG INTERNATIONAL BLVD,ATLANTA,GA,30313,2015/02/23,99
FSP-060-001096,Angelinas Smoothies,285 ANDREW YOUNG INTERNATIONAL BLVD,ATLANTA,GA,30313,2015/02/13,100
1-128,Annie Thai Castle,3195 ROSWELL RD,ATLANTA,GA,30305,2015/05/29,82
1-130,Ansley Golf Club Pool & Tennis,196 MONTGOMERY FERRY DR,ATLANTA,GA,30309,2015/05/22,97
1-132,Ansley Room,196 MONTGOMERY FERRY RD,ATLANTA,GA,30309,2015/05/22,94
1-136,Antioch Baptist Church North,540 KENNEDY ST,ATLANTA,GA,30318,2015/04/14,93
FSP-060-000846,Applebees Neighborhood Grill & Bar,3690 CASCADE RD,ATLANTA,GA,30331,2015/03/26,85
FSP-060-001655,Aquarius Lounge Inc,3050 MARTIN LUTHER KING DR 1 X,ATLANTA,GA,30311,2015/02/09,95
FSP-060-000231,Aramark,725 WEST PEACHTREE ST,ATLANTA,GA,30308,2015/04/24,100
FSP-060-002601,Aramark Cafe Coffee Cart 1 Bldg 2W,81 ANDREW YOUNG INTERNATIONAL BLVD,ATLANTA,GA,30303,2015/01/09,100
FSP-060-002603,Aramark Cafe On 14 Bldg 2,230 SPRING ST FL 14,ATLANTA,GA,30303,2015/01/09,100
FSP-060-002068,Arbor Terrace at Cascade,1001 RESEARCH CTR,ATLANTA,GA,30331,2015/04/09,98
1-145,Arbys,1 CNN CENTER STE 264,ATLANTA,GA,30303,2015/04/23,99
1-148,Arbys  1715,4415 ROSWELL,ATLANTA,GA,30342,2015/05/06,100
1-10387,Arbys 6796,1090 HAMMOND DR,ATLANTA,GA,30328,2015/01/12,100
1-17297,Arbys 6959,665 CROSSVILLE RD,ROSWELL,GA,30075,2015/01/14,97
1-21361,Arbys 7367,1359 VIRGINIA AVE,EAST POINT,GA,30354,2015/01/12,95
1-163,Arlington Christain School,4500 RIDGE RD,FAIRBURN,GA,30213,2015/04/28,90
1-163,Arlington Christain School,4500 RIDGE RD,FAIRBURN,GA,30213,2015/04/14,71
FSP-060-001446,Article 14,1180 PEACHTREE ST STE A,ATLANTA,GA,30309,2015/01/27,100
FSP-060-001445,Article 14 Main Kitchen,1180 PEACHTREE ST STE A,ATLANTA,GA,30309,2015/02/27,93
1-29571,Artmore Hotel,1302 WEST PEACHTREE ST NW,ATLANTA,GA,30309,2015/01/30,100
1-173,Athens Greek Restaurant,10753 ALPHARETTA HWY,ROSWELL,GA,30075,2015/05/12,95
FSP-060-002155,ATL Dream Wings,1980 DELOWE DR STE 102,ATLANTA,GA,30311,2015/05/13,95
1-183,Atlanta Area Tech Demo Kit,1560 METROPOLITAN PKWY,ATLANTA,GA,30315,2015/05/01,100
1-184,Atlanta Area Tech School,1560 METROPOLITAN PKWY,ATLANTA,GA,30315,2015/05/01,99
1-21952,Atlanta Athletic Club Health Bar,1930 BOBBY JONES DR,JOHNS CREEK,GA,30097,2015/05/18,96
1-29476,Atlanta Auto Auction,4900 BUFFINGTON RD,RED OAK,GA,30272,2015/01/08,90
1-22357,Atlanta Department Of Corrections,254 PEACHTREE ST SW,ATLANTA,GA,30303,2015/06/05,83
FSP-060-001157,Atlanta Detention Center,5651 STONEWALL TELL RD,ATLANTA,GA,30349,2015/03/30,95
1-29832,Atlanta Expo Cafe,3650 JONESBORO RD,ATLANTA,GA,30354,2015/02/13,84
1-20629,Atlanta Great Foods Caribbean Fiesta,4000 NORTH POINT PKWY,ALPHARETTA,GA,30022,2015/02/03,88
FSP-060-000230,Atlanta Heights Charter School,3712 MARTIN LUTHER KING BLVD,ATLANTA,GA,30331,2015/03/10,100
1-30353,Atlanta Marriott  Pulse,265 PEACHTREE CENTER AVE,ATLANTA,GA,30303,2015/05/28,100
1-30354,Atlanta Marriott Marquis  High Velocity,265 PEACHTREE CENTER AVE,ATLANTA,GA,30303,2015/05/28,100
1-30355,Atlanta Marriott Marquis  SEAR,265 PEACHTREE CENTER AVE,ATLANTA,GA,30303,2015/05/28,96
1-30536,Atlanta Marriott Marquis Pool Bar,265 PEACHTREE CENTER AVE,ATLANTA,GA,30303,2015/05/28,100
1-30287,Atlanta Metropolitan College,1630 METROPOLITAN PKWY SW,ATLANTA,GA,30310,2015/05/01,96
1-30287,Atlanta Metropolitan College,1630 METROPOLITAN PKWY SW,ATLANTA,GA,30310,2015/01/20,89
FSP-060-001218,Atlanta Neighborhood Charter SchoolElementary Camp,688 GRANT ST SE,ATLANTA,GA,30315,2015/04/29,93
1-241,Atlanta Speech School,3160 NORTHSIDE PKWY NW,ATLANTA,GA,30327,2015/03/31,93
FSP-060-000463,Atlanta Technical College  Bake Kitchen,1560 METROPOLITAN PKWY SE,ATLANTA,GA,30310,2015/05/01,100
1-243,Atlanta Transitional Center,332 PONCE DE LEON AVE,ATLANTA,GA,30308,2015/01/27,99
FSP-060-002612,Atlanta Wings II,2407 STANTON RD,ATLANTA,GA,30344,2015/05/13,91
2-31736,Atlanta Youth Academies Inc,2120 FORREST SE,ATLANTA,GA,30315,2015/04/22,100
1-31917,Atlantas Best Burgers DBA Five Guys,3620 CAMP CREEK PKWY STE 100,ATLANTA,GA,30331,2015/04/17,99
1-30050,Atlantas Best Wings,490 FAIRBURN RD SW STE 1,ATLANTA,GA,30331,2015/03/02,88
1-25871,Atlantic Cafe,1180 WEST PEACHTREE ST NE STE 170,ATLANTA,GA,30309,2015/02/26,98
FSP-060-000906,Atlantic Corner Cafe,1350 SPRING ST,ATLANTA,GA,30303,2015/04/27,94
FSP-060-002159,Atlantic Station 16 VIP,261 19TH ST NW,ATLANTA,GA,30363,2015/05/12,99
1-24461,Atmosphere,1620 PIEDMONT AVE,ATLANTA,GA,30324,2015/04/14,83
FSP-060-002280,Au Bon Pain,231 PEACHTREE ST NE STE B71A,ATLANTA,GA,30303,2015/01/14,89
2-31807,Aurora Cineplex LLC,5100 COMMERCE PKWY,ROSWELL,GA,30076,2015/01/15,100
1-28719,Aurora Coffee II,468 MORELAND AVE NE,ATLANTA,GA,30307,2015/01/16,92
1-22565,Autry Middle School,4110 OLD ALABAMA,ALPHARETTA,GA,30022,2015/03/25,100
FSP-060-001498,Aviva By Kameel,231 PEACHTREE ST STE B-30,ATLANTA,GA,30303,2015/05/28,92
FSP-060-000498,Bs Bistro on the Circle,6010 SANDY SPRINGS CIR,ATLANTA,GA,30328,2015/01/30,96
FSP-060-000569,BP AMPM Subway,3004 PIEDMONT RD NE,ATLANTA,GA,30305,2015/03/24,96
FSP-060-001960,BYOB,1197 PEACHTREE ST NE STE 505,ATLANTA,GA,30361,2015/04/07,95
1-24316,Babs,814 JUNIPER ST,ATLANTA,GA,30308,2015/06/05,81
1-263,Babes Pub & Pool,304 FULTON INDUSTRIAL CIR,ATLANTA,GA,30036,2015/01/22,95
FSP-060-002040,Back Stage Atlanta,2505 GODBY RD,ATLANTA,GA,30349,2015/05/11,95
FSP-060-002785,Bakaris Pizza Cafe,576 LEE ST SW STE A,ATLANTA,GA,30310,2015/01/26,95
FSP-060-002788,Bamba Cuisine,3700 CAMPBELLTON RD STE B,ATLANTA,GA,30311,2015/04/29,100
FSP-060-002788,Bamba Cuisine,3700 CAMPBELLTON RD STE B,ATLANTA,GA,30311,2015/04/20,76
1-277,Bamboo Luaus Chinatown,2263 CHESHIRE BRIDGE RD,ATLANTA,GA,30324,2015/05/26,100
1-277,Bamboo Luaus Chinatown,2263 CHESHIRE BRIDGE RD,ATLANTA,GA,30324,2015/04/07,99
1-277,Bamboo Luaus Chinatown,2263 CHESHIRE BRIDGE RD,ATLANTA,GA,30324,2015/03/04,96
1-277,Bamboo Luaus Chinatown,2263 CHESHIRE BRIDGE RD,ATLANTA,GA,30324,2015/01/28,99
1-14379,Bangkok Restaurant,1492 PIEDMONT AVE STE A,ATLANTA,GA,30309,2015/04/01,95
1-27101,Bangkok Thyme,4969 ROSWELL RD,ATLANTA,GA,30342,2015/04/09,88
FSP-060-001377,Banneker High School,6015 FELDWOOD RD,ATLANTA,GA,30349,2015/03/05,97
1-30883,Banquet Kitchen W Hotel,188 14TH ST,ATLANTA,GA,30361,2015/05/29,100
FSP-060-001536,Bantam And Biddy,1544 PIEDMONT RD STE 301,ATLANTA,GA,30307,2015/04/08,90
FSP-060-002307,Bantam And Biddy Crescent Avenue,1080 PEACHTREE ST STE 6,ATLANTA,GA,30309,2015/05/11,91
1-32298,Bar 12,1 GEORGIA DOME DR,ATLANTA,GA,30313,2015/01/14,100
FSP-060-002737,Bar 28,1 GEORGIA DOME,ATLANTA,GA,30313,2015/01/14,100
1-32257,Bar 6,1 GEORGIA DOME DR,ATLANTA,GA,30313,2015/01/14,100
1-32251,Bar 8,1 GEORGIA DOME DR,ATLANTA,GA,30313,2015/01/14,100
1-17116,Baraonda,710 PEACHTREE ST STE 200,ATLANTA,GA,30308,2015/01/21,95
1-282,Barbeque Kitchen of College Park,1437 VIRGINIA AVE,COLLEGE PARK,GA,30337,2015/02/10,88
FSP-060-001843,Barberitos,5610 ROSWELL RD STE 110,ATLANTA,GA,30342,2015/04/10,97
FSP-060-000985,Barberitos Southwestern Grill,200 PIEDMONT AVE SE,ATLANTA,GA,30334,2015/05/04,86
FSP-060-000907,Barcelona Restaurant,240 N HIGHLAND AVE,ATLANTA,GA,30307,2015/04/29,84
FSP-060-000907,Barcelona Restaurant,240 N HIGHLAND AVE,ATLANTA,GA,30307,2015/04/21,75
1-290,Barnwell Elementary School,9425 BARNWELL,ALPHARETTA,GA,30022,2015/03/23,100
FSP-060-000721,Barrelhouse,22 5TH ST NW STE B,ATLANTA,GA,30308,2015/05/13,98
FSP-060-000721,Barrelhouse,22 5TH ST NW STE B,ATLANTA,GA,30308,2015/05/12,78
1-305,Bear Creek Middle School,7415 HERNDON,FAIRBURN,GA,30312,2015/03/26,95
1-23418,Beecher Hills Elementary School,2257 BOLLINGBROOK DR SW,ATLANTA,GA,30311,2015/03/25,100
2-31654,Beef Grill Restaurant,8599 ROSWELL RD STE C-2,ROSWELL,GA,30350,2015/01/02,85
FSP-060-001262,Ben Hill Grill,3772 CAMPBELLTON RD STE 2,ATLANTA,GA,30331,2015/03/30,86
1-322,Ben Hill United Church,2099 FAIRBURN RD,ATLANTA,GA,30331,2015/04/09,92
1-23199,Benihana,2365 MANSELL RD,ALPHARETTA,GA,30022,2015/04/06,100
1-20743,Benihana,229 PEACHTREE ST,ATLANTA,GA,30303,2015/05/21,86
1-20743,Benihana,229 PEACHTREE ST,ATLANTA,GA,30303,2015/05/21,86
1-20743,Benihana,229 PEACHTREE ST,ATLANTA,GA,30303,2015/05/12,70
1-23358,Benteen Elementary School,200 CASANOVA ST SE,ATLANTA,GA,30315,2015/04/23,96
FSP-060-000471,Benton House of Johns Creek,5050 KIMBALL BRIDGE RD,ALPHARETTA,GA,30005,2015/02/11,100
1-24694,Berean Christian Junior AcademyGAAA,401 HAMILTON E. HOLMES DR NW,ATLANTA,GA,30318,2015/03/30,95
1-32348,Best Academy,1890 DONALD L. HOLLOWELL PKWY,ATLANTA,GA,30318,2015/04/15,100
FSP-060-002804,Best Pizza & Wings,2818 CAMP CREEK PKWY,ATLANTA,GA,30337,2015/03/16,90
FSP-060-002042,Best Pizza Wings & Pasta,4508 WASHINGTON RD,ATLANTA,GA,30349,2015/01/16,81
FSP-060-002042,Best Pizza Wings & Pasta,4508 WASHINGTON RD,ATLANTA,GA,30349,2015/01/08,78
1-25289,Best Wings,2660 GODBY RD,COLLEGE PARK,GA,30349,2015/05/08,98
1-23329,Bethune Elementary School,220 NORTHSIDE DR NW,ATLANTA,GA,30310,2015/03/05,95
FSP-060-002424,BGR,264 19TH ST,ATLANTA,GA,30363,2015/05/19,95
FSP-060-001699,Bhojanic,3400 AROUND LENOX RD STE 201,ATLANTA,GA,30326,2015/04/13,95
FSP-060-001699,Bhojanic,3400 AROUND LENOX RD STE 201,ATLANTA,GA,30326,2015/04/13,95
FSP-060-001699,Bhojanic,3400 AROUND LENOX RD STE 201,ATLANTA,GA,30326,2015/04/10,77
FSP-060-001362,Bickford of Alpharetta,4125 NORTH POINT PKWY,ALPHARETTA,GA,30022,2015/02/02,91
FSP-060-001313,Bickford Of Buckhead,4804 ROSWELL RD,ATLANTA,GA,30342,2015/04/28,78
1-30597,Big Daddys Dish & Catering,5549 OLD NATIONAL HWY,COLLEGE PARK,GA,30349,2015/01/12,91
FSP-060-001879,Big Daddys Kitchen Atlanta,3085 CAMPBELLTON RD SW,ATLANTA,GA,30311,2015/05/13,92
FSP-060-001627,Big Kahuna,303 PEACHTREE CENTER AVE STE PCA-01,ATLANTA,GA,30303,2015/06/04,94
FSP-060-002807,Big Mikes Hot Fish And Jumbo Shrimp,1174 PRYOR ST,ATLANTA,GA,30315,2015/03/09,91
1-32344,Birmingham Falls Elementary School,14865 BIRMINGHAM HWY,MILTON,GA,30004,2015/03/23,100
1-32539,Bishoku,5920 ROSWELL RD STE B111,SANDY SPRINGS,GA,30328,2015/04/07,91
2-31749,Bistro 7 LLC,231 PEACHTREE ST NE STE B-71B,ATLANTA,GA,30303,2015/01/28,95
FSP-060-001720,BJ Roosters,2043 CHESHIRE BRIDGE,ATLANTA,GA,30324,2015/03/26,90
FSP-060-002682,Black Bear Tavern,1931 PEACHTREE RD NE,ATLANTA,GA,30309,2015/04/23,92
1-25051,Blakes On The Park Restaurant & Bar,227 10TH ST,ATLANTA,GA,30309,2015/04/23,100
1-15574,Blessed Trinity High School,11320 WOODSTOCK RD,ROSWELL,GA,30075,2015/03/31,100
1-23883,Blimpie,340 BOULEVARD NE,ATLANTA,GA,30312,2015/05/01,99
1-26268,Blimpies,6330 POWERS FERRY RD,ATLANTA,GA,30339,2015/03/31,88
1-403,Blimpies,1509 VIRGINIA AVE,ATLANTA,GA,30337,2015/02/12,78
1-15958,Blimpies,2350 CHESHIRE BRIDGE RD,ATLANTA,GA,30324,2015/04/22,100
1-401,Blimpies,5240 OLD NATIONAL HWY,COLLEGE PARK,GA,30349,2015/05/12,89
FSP-060-002218,Blimpies,1197 PEACHTREE ST NE STE 503,ATLANTA,GA,30361,2015/04/06,100
1-31682,BLT Steak,45 IVAN ALLEN BLVD,ATLANTA,GA,30308,2015/02/11,86
1-31682,BLT Steak,45 IVAN ALLEN BLVD,ATLANTA,GA,30308,2015/02/05,74
1-31684,BLT Steak  BanquetEmployee Kitchen,45 IVAN ALLEN BLVD,ATLANTA,GA,30308,2015/02/04,100
FSP-060-002334,Blue Ivory Bar,599 WHITEHALL ST,ATLANTA,GA,30303,2015/01/22,100
FSP-060-002333,Blue Ivory Kitchen,599 WHITEHALL ST,ATLANTA,GA,30303,2015/01/22,96
1-411,Blue Ridge Grill,1261 WEST PACES FERRY RD,ATLANTA,GA,30327,2015/01/29,99
1-32010,Body Sculpting Center World Changers,2500 BURDETT RD,COLLEGE PARK,GA,30349,2015/05/28,99
1-31583,Bojangles,5140 OLD NATIONAL HWY,COLLEGE PARK,GA,30349,2015/05/13,86
1-22231,Bojangles Chicken Restaurant,9135 ROOSEVELT HWY,PALMETTO,GA,30268,2015/04/16,90
1-32645,Bole Ethiopian Restaurant Inc,1650 VIRGINIA AVE,COLLEGE PARK,GA,30337,2015/02/12,85
1-23444,Bolton Academy,2268 ADAMS DR,ATLANTA,GA,30318,2015/05/05,96
FSP-060-001304,Bon Appetit  Kappa,1600 PEACHTREE ST NE,ATLANTA,GA,30309,2015/05/26,100
FSP-060-001292,Bon Appetit  The Hub,1600 PEACHTREE ST NE,ATLANTA,GA,30309,2015/05/26,100
1-421,Bones Restaurant,3130 PIEDMONT RD,ATLANTA,GA,30305,2015/04/09,100
FSP-060-001680,Bonterra Nursing and Rehab Center,2801 FELTON DR,ATLANTA,GA,30344,2015/04/10,100
1-31459,Booker T Washington High School,45 WHITEHOUSE DR,ATLANTA,GA,30303,2015/03/11,100
1-32062,Boston Fish Supreme,4517 CAMPBELLTON RD SW,ATLANTA,GA,30331,2015/06/04,95
FSP-060-000139,Boston Fish Supreme,757 CLEVELAND AVE,ATLANTA,GA,30315,2015/03/03,93
FSP-060-002275,Boston Fish Supreme Buffalo Wing ExpressFIB,4155 FULTON INDUSTRIAL BLVD,ATLANTA,GA,30336,2015/04/07,70
2-31777,Bourbon Bar,3315 PEACHTREE RD,ATLANTA,GA,30326,2015/04/15,97
1-23746,Boyd Elementary,1891 JOHNSON NW,ATLANTA,GA,30318,2015/05/05,92
FSP-060-000505,Branded Concessions Cart 1,285 ANDREW YOUNG INTERNATIONAL,ATLANTA,GA,30313,2015/03/31,99
1-23410,Brandon Elementary School,2741 HOWELL MILL RD NW,ATLANTA,GA,30327,2015/04/17,100
1-429,Brandon Hall School,1701 BRANDON HALL DR,ATLANTA,GA,30338,2015/03/17,95
1-32581,Brandon Primary Elementary School,2845 MARGARET MITCHELL RD,ATLANTA,GA,30327,2015/04/17,100
FSP-060-000017,Breadwinner Bakery & Cafe,220 SANDY SPRINGS CIR STE 195,ATLANTA,GA,30328,2015/01/05,90
1-31015,Brick House Pizza,580 E. CROSSVILE RD STE 420,ROSWELL,GA,30076,2015/06/02,99
1-30447,Bricktops,3280 PEACHTREE RD STE 100,ATLANTA,GA,30305,2015/02/05,85
FSP-060-000538,Briza,866 WEST PEACHTREE ST,ATLANTA,GA,30308,2015/01/28,90
FSP-060-001073,Broadway Diner,620 PEACHTREE ST,ATLANTA,GA,30308,2015/06/01,98
FSP-060-001073,Broadway Diner,620 PEACHTREE ST,ATLANTA,GA,30308,2015/05/28,74
1-28703,Brooklyn Cafe,220 SANDY SPRINGS CIR STE 101,ATLANTA,GA,30328,2015/04/09,89
1-31382,Brooklyn Joes,13065 HIGHWAY 9 N STE 110,ALPHARETTA,GA,30004,2015/05/18,97
1-449,Brookview Elementary School,3250 HAMMARKSKJOLD DR,EAST POINT,GA,30344,2015/03/18,97
1-23419,Brown Middle School,765 PEEPLES ST SW,ATLANTA,GA,30310,2015/04/20,96
1-25706,Brusters Ice Cream,675 WEST CROSSVILLE STE 144,ROSWELL,GA,30075,2015/06/02,90
FSP-060-001677,Buckhead Baptist Church,4100 ROSWELL RD NE,ATLANTA,GA,30342,2015/05/14,82
1-31833,Buckhead Pizza III,3324 PEACHTREE RD STE B,ATLANTA,GA,30326,2015/01/27,100
FSP-060-001641,Buffalo China,461 MORELAND AVE,ATLANTA,GA,30316,2015/04/21,91
1-23821,Bunche Middle School,1925 NISKEY LAKE RD SW,ATLANTA,GA,30331,2015/05/08,98
FSP-060-002418,Burger Fi,77 12TH ST STE 7,ATLANTA,GA,30309,2015/05/07,94
1-29891,Burger King,860 WOODSTOCK RD,ROSWELL,GA,30075,2015/01/13,93
FSP-060-001563,Burger King,222 HAMMOND DR,ATLANTA,GA,30328,2015/01/14,100
1-32689,Burger King  2430,5068 OLD NATIONAL HWY,COLLEGE PARK,GA,30349,2015/04/16,87
1-32689,Burger King  2430,5068 OLD NATIONAL HWY,COLLEGE PARK,GA,30349,2015/01/29,87
FSP-060-001565,Burger King  2745,4636 JONESBORO RD,UNION CITY,GA,30291,2015/04/07,89
FSP-060-001561,Burger King  3843,1122 NORTHSIDE DR,ATLANTA,GA,30318,2015/04/14,99
1-501,Burger King 11073,5025 ABBOTTS BRIDGE RD,ALPHARETTA,GA,30005,2015/05/12,100
1-501,Burger King 11073,5025 ABBOTTS BRIDGE RD,ALPHARETTA,GA,30005,2015/01/15,94
1-32681,Burger King 3641,2701 METROPOLITAN PKWY,ATLANTA,GA,30315,2015/05/18,96
1-32681,Burger King 3641,2701 METROPOLITAN PKWY,ATLANTA,GA,30315,2015/05/11,79
FSP-060-002605,Burn Lounge,3461 ROOSEVELT HWY STE 15,ATLANTA,GA,30349,2015/03/27,100
FSP-060-001507,Buttermilk Kitchen,4225 ROSWELL RD NE,ATLANTA,GA,30342,2015/05/14,97
FSP-060-001745,C J Buffalo House,3565 MARTIN LUTHER KING JR DR,ATLANTA,GA,30331,2015/06/05,85
1-514,CH Gullatt Elementary School,6110 DODSON DR,UNION CITY,GA,30291,2015/03/12,95
1-31698,Cafe 10  20Th Floor,10 PEACHTREE PLZ,ATLANTA,GA,30309,2015/04/17,100
1-519,Cafe 1475,1475 PEACHTREE ST NE,ATLANTA,GA,30309,2015/05/18,99
FSP-060-002266,Cafe 500,500 NORTHRIDGE ROAD,ATLANTA,GA,30350,2015/01/26,96
FSP-060-000181,Cafe 6000,6000 WINDWARD PKWY,ALPHARETTA,GA,30005,2015/02/03,96
FSP-060-001188,Cafe Agora Midtown,92 PEACHTREE PL,ATLANTA,GA,30309,2015/01/28,94
FSP-060-000455,Cafe At Pharr,3145 PEACHTREE RD STE 101,ATLANTA,GA,30305,2015/05/27,100
1-30739,Cafe Circa,464 EDGEWOOD AVE STE B,ATLANTA,GA,30312,2015/03/25,76
FSP-060-000409,Cafe Jonah LLC,3188 PACES FERRY PL,ATLANTA,GA,30305,2015/01/29,91
FSP-060-000278,Cafe Momo,231 PEACHTREE ST NE STE B-71,ATLANTA,GA,30303,2015/04/06,97
FSP-060-000278,Cafe Momo,231 PEACHTREE ST NE STE B-71,ATLANTA,GA,30303,2015/03/24,80
1-22409,Cafe Posh,4920 ROSWELL RD STE 14,ATLANTA,GA,30342,2015/05/06,90
1-22409,Cafe Posh,4920 ROSWELL RD STE 14,ATLANTA,GA,30342,2015/04/27,76
FSP-060-000858,Cafe Q,10475 MEDLOCK BRIDGE RD STE 116,DULUTH,GA,30097,2015/04/08,100
FSP-060-000858,Cafe Q,10475 MEDLOCK BRIDGE RD STE 116,DULUTH,GA,30097,2015/04/02,69
FSP-060-000212,Cafe Spice Student Center Food Court,350 FERST DR NW FL 2,ATLANTA,GA,30332,2015/04/21,100
1-549,Cafe Sunflower,5975 ROSWELL RD STE 353,ATLANTA,GA,30328,2015/01/23,85
1-561,Cajun Grill,2194 NORTH POINT CIR,ALPHARETTA,GA,30022,2015/01/09,92
1-30859,Cake World,12890 HIGHWAY 9 STE 110,ALPHARETTA,GA,30004,2015/01/09,85
1-28438,California Pizza Kitchen,265 18TH ST STE 2150,ATLANTA,GA,30363,2015/05/20,90
1-565,California Pizza Kitchen,6301 NORTH POINT PKWY,ALPHARETTA,GA,30022,2015/05/15,96
FSP-060-001327,Cambridge High School,2845 BETHANY BND,MILTON,GA,30004,2015/03/25,94
1-576,Camp Creek Middle School,4345 WELCOME ALL RD,COLLEGE PARK,GA,30349,2015/03/18,99
FSP-060-000452,Camp Truitt Senior Center,4320 HERSCHELL RD,COLLEGE PARK,GA,30337,2015/06/02,98
1-572,Campbell Elementary School,290 FAIRVIEW DR,FAIRBURN,GA,30213,2015/03/19,100
1-30942,Campus Cafe,9770 MEDLOCK BRIDGE STE C,DULUTH,GA,30096,2015/03/13,98
1-30942,Campus Cafe,9770 MEDLOCK BRIDGE STE C,DULUTH,GA,30096,2015/03/05,79
FSP-060-001606,Canton Buddha,2900 PEACHTREE RD STE 11S,ATLANTA,GA,30305,2015/05/27,83
FSP-060-001606,Canton Buddha,2900 PEACHTREE RD STE 11S,ATLANTA,GA,30305,2015/04/07,87
FSP-060-001606,Canton Buddha,2900 PEACHTREE RD STE 11S,ATLANTA,GA,30305,2015/03/23,85
FSP-060-001606,Canton Buddha,2900 PEACHTREE RD STE 11S,ATLANTA,GA,30305,2015/03/04,87
FSP-060-001606,Canton Buddha,2900 PEACHTREE RD STE 11S,ATLANTA,GA,30305,2015/03/04,97
1-13837,Canton Chopsticks,1923 HOWELL MILL RD,ATLANTA,GA,30318,2015/03/23,79
1-13392,Canton Cooks Restaurant,5984 ROSWELL RD,ATLANTA,GA,30328,2015/01/20,82
1-31767,Capital City Cafe Happy Dell,3350 PEACHTREE RD STE 110,ATLANTA,GA,30326,2015/04/15,93
1-587,Capital City Club Pl Sb,53 WEST BROOKHAVEN DR NE,ATLANTA,GA,30319,2015/06/03,79
FSP-060-002219,Capital City ClubBrookhaven Bar And Buffet,53 W. BROOKHAVEN DR,ATLANTA,GA,30319,2015/06/03,100
1-591,Capital City Kitchen,53 WEST BROOKHAVEN DR N,ATLANTA,GA,30319,2015/06/03,75
1-32548,Capitol Commons Cafe,200 PIEDMONT AVE SE,ATLANTA,GA,30334,2015/05/15,89
1-27297,Captain Ds Seafood,3447 MAIN ST,COLLEGE PARK,GA,30349,2015/04/23,81
1-27298,Captain Ds Seafood,2065 METROPOLITAN PKWY S,ATLANTA,GA,30315,2015/02/10,95
1-25853,Caribou  Coffee,3487 NORTHSIDE PKWY,ATLANTA,GA,30327,2015/03/24,100
FSP-060-001233,Caribou Coffee,1000 PIEDMONT AVE STE C,ATLANTA,GA,30309,2015/06/02,100
FSP-060-001233,Caribou Coffee,1000 PIEDMONT AVE STE C,ATLANTA,GA,30309,2015/01/20,94
1-25546,Caribou Coffee,4520 ROSWELL RD,ATLANTA,GA,30342,2015/04/28,100
1-25867,Caribou Coffee,303 PEACHTREE CENTER AVE,ATLANTA,GA,30308,2015/04/15,89
1-29881,Caribou Coffee Company Inc,233 PEACHTREE ST,ATLANTA,GA,30303,2015/02/23,87
1-29509,CarriFresh,6810 - F SHANNON PKWY,UNION CITY,GA,30291,2015/02/09,90
1-628,Carrie Steele Pitts Home,667 FAIRBURN RD,ATLANTA,GA,30331,2015/02/26,96
1-628,Carrie Steele Pitts Home,667 FAIRBURN RD,ATLANTA,GA,30331,2015/02/18,86
1-23664,Carter G Woodson Elementary,1605 DONALD L. HOLLOWELL PKWY NW,ATLANTA,GA,30318,2015/05/04,100
1-27853,Carver High School,55 MCDONOUGH BLVD SE,ATLANTA,GA,30315,2015/03/19,99
FSP-060-001566,Casablanca Company,400 CARLTON RD UNIT A,PALMETTO,GA,30268,2015/04/29,90
1-23379,Cascade Elementary School,2326 VENETIAN DR SW,ATLANTA,GA,30311,2015/03/09,95
1-18778,Cascade Family Skating,3335 MARTIN LUTHER KING JR. DR,ATLANTA,GA,30331,2015/04/27,93
1-26967,Cascades Restaurant,5955 NORTH POINT PKWY,ALPHARETTA,GA,30022,2015/02/09,92
FSP-060-001398,Caseys Sunrise Cafe,5660 NEW NORTHSIDE DR,ATLANTA,GA,30328,2015/01/26,87
FSP-060-000572,Casseroles LLC,1393 NORTH HIGHLAND AVE STE 4,ATLANTA,GA,30306,2015/03/19,92
FSP-060-002458,CCP South America,310 NORTH AVE,ATLANTA,GA,30313,2015/04/24,100
FSP-060-002399,Cedar Grill,1197 PEACHTREE ST STE 504,ATLANTA,GA,30361,2015/04/06,100
1-647,Centennial High School,9310 SCOTT RD,ROSWELL,GA,30076,2015/03/10,100
1-23413,Centennial Place Elementary School,531 LUCKIE ST NW,ATLANTA,GA,30313,2015/03/09,96
1-29840,Centennial Place Family YMCA,555 LUCKIE ST,ATLANTA,GA,30313,2015/06/03,95
FSP-060-002309,Centre Cafe,3490 PIEDMONT RD STE 114,ATLANTA,GA,30305,2015/03/19,83
FSP-060-002440,Century Center Cafe 2,4125 WELCOME ALL RD,ATLANTA,GA,30349,2015/06/04,92
FSP-060-002440,Century Center Cafe 2,4125 WELCOME ALL RD,ATLANTA,GA,30349,2015/06/04,92
1-662,Chaplins,555 SOUTH ATLANTA ST STE B-100,ROSWELL,GA,30075,2015/06/01,67
2-31591,Chapman Drug Co Inc,615 NORTH CENTRAL AVE,HAPEVILLE,GA,30354,2015/01/05,100
FSP-060-002653,Chastain Tavern,4629 WIEUCA RD,ATLANTA,GA,30342,2015/06/04,58
1-673,Chattahoochee High School,5230 TAYLOR RD,ALPHARETTA,GA,30201,2015/03/09,100
1-21004,Checkers,5175 OLD NATIONAL HWY,COLLEGE PARK,GA,30349,2015/05/07,85
1-678,Checkers 626,3169 CAMP CREEK PKWY,EAST POINT,GA,30334,2015/02/24,98
1-678,Checkers 626,3169 CAMP CREEK PKWY,EAST POINT,GA,30334,2015/02/23,75
1-679,Checkers 780,989 SPRING ST,ATLANTA,GA,30309,2015/01/27,97
1-684,Checkers 307,211 CLEVELAND AVE,ATLANTA,GA,30315,2015/05/28,97
1-32643,Checkers  Peachtree Center,233 PEACHTREE ST NE STE B46,ATLANTA,GA,30303,2015/03/24,99
FSP-060-001654,Checkers Restaurant C1143,3566 MARTIN LUTHER KING DR,ATLANTA,GA,30331,2015/06/05,92
FSP-060-001771,Cheeseburger Bobbys,4371 ROSWELL RD,ATLANTA,GA,30342,2015/05/08,97
1-690,Cheetah III Lounge,887 SPRING ST NW,ATLANTA,GA,30308,2015/03/18,98
1-690,Cheetah III Lounge,887 SPRING ST NW,ATLANTA,GA,30308,2015/01/28,98
1-12756,Chef For A Night,499 PEACHTREE ST,ATLANTA,GA,30308,2015/03/19,100
FSP-060-002188,Chef Lowell LLC Catering,1185 RESEARCH CENTER,ATLANTA,GA,30331,2015/04/27,91
1-29425,Chef Rob Caribbean Cafe,5920 ROSWELL RD,ATLANTA,GA,30328,2015/01/25,96
2-31606,Cherokee Town & Country Club Williams Room Bar,155 W PACES FERRY NW,ATLANTA,GA,30305,2015/01/14,100
1-703,Cherokee Town and Country Club Snack,155 WEST PACES FERRY RD,ATLANTA,GA,30305,2015/01/14,100
1-32498,Cherokee Town And Country Club Downstairs Kitchen,155 W PACES FERRY NW,ATLANTA,GA,30305,2015/01/14,100
1-32497,Cherokee Town And Country Club Upstairs Kitchen,155 WEST PACES FERRY RD NW,ATLANTA,GA,30305,2015/01/14,91
1-32496,Cherokee Town And Country ClubTavern,155 WEST PACES FERRY RD NW,ATLANTA,GA,30305,2015/01/14,96
FSP-060-001322,Chicagos Nancys Pizza,265 PONCE DE LEON AVE STE A,ATLANTA,GA,30308,2015/03/30,98
FSP-060-001956,Chick A Biddy,264 19TH ST STE 2140,ATLANTA,GA,30363,2015/05/21,90
1-718,Chick Fil A At Peachtree Cente,233 PEACHTREE ST,ATLANTA,GA,30303,2015/05/12,90
1-722,Chick FilA,2180 NORTH POINT CIR,ALPHARETTA,GA,30022,2015/01/28,96
1-23884,Chick Fil A,340 BOULEVARD NE,ATLANTA,GA,30312,2015/05/01,100
1-30131,ChickFilA,7810 SENOIA RD,FAIRBURN,GA,30213,2015/06/03,92
1-30710,ChickFilA,"2 MARTIN LUTHER KING, JR. DR",ATLANTA,GA,30334,2015/05/05,92
FSP-060-002087,ChickFilA,285 ANDREW YOUNG INTERNATIONAL BLVD,ATLANTA,GA,30313,2015/03/26,100
1-14694,ChickFilA,1185 WOODSTOCK RD,ROSWELL,GA,30075,2015/05/28,99
1-26815,ChickFilA,1 CNN CTR,ATLANTA,GA,30303,2015/04/23,92
1-22672,ChickFilA,3410 CAMP CREEK PL,EAST POINT,GA,30344,2015/02/10,88
1-17404,ChickFilA,4285 ROSWELL RD,ATLANTA,GA,30342,2015/05/12,91
1-727,Chickfila 458,1942 HOWELL MILL RD,ATLANTA,GA,30318,2015/03/25,97
1-733,ChickFilA 931,3419 NORTHSIDE PKWY,ATLANTA,GA,30327,2015/03/24,97
FSP-060-000883,ChickFilA  Greenbriar Mall,2841 GREENBRIAR PKWY,ATLANTA,GA,30331,2015/01/23,96
FSP-060-000883,ChickFilA  Greenbriar Mall,2841 GREENBRIAR PKWY,ATLANTA,GA,30331,2015/01/05,79
1-24819,ChickFilA  Midtown II,725 WEST PEACHTREE ST,ATLANTA,GA,30308,2015/04/24,100
FSP-060-000264,ChickFilA at GWCC Movable 2,285 ANDREW YOUNG INTERNATIONAL BLVD,ATLANTA,GA,30313,2015/03/26,99
FSP-060-002239,ChickfilA Cart 1,285 ANDREW YOUNG INTERNATIONAL BLVD,ATLANTA,GA,30314,2015/03/26,99
FSP-060-002240,ChickfilA Cart 2,285 ANDREW YOUNG INTERNATIONAL BLVD,ATLANTA,GA,30314,2015/02/13,99
FSP-060-002240,ChickfilA Cart 2,285 ANDREW YOUNG INTERNATIONAL BLVD,ATLANTA,GA,30314,2015/02/13,100
FSP-060-002242,ChickfilA Cart 3,285 ANDREW YOUNG INTERNATIONAL BLVD,ATLANTA,GA,30314,2015/03/31,99
1-30426,Chin Chin Silos,270 RUCKER RD STE 115,ALPHARETTA,GA,30004,2015/02/24,97
1-30426,Chin Chin Silos,270 RUCKER RD STE 115,ALPHARETTA,GA,30004,2015/02/18,72
1-30951,China 88,5370 CAMPBELLTON-FAIRBURN RD,FAIRBURN,GA,30213,2015/05/04,90
1-30951,China 88,5370 CAMPBELLTON-FAIRBURN RD,FAIRBURN,GA,30213,2015/04/28,79
1-22480,China Breeze,190 MARIETTA ST NW,ATLANTA,GA,30303,2015/02/23,90
1-22480,China Breeze,190 MARIETTA ST NW,ATLANTA,GA,30303,2015/02/13,79
1-32457,China Cafeteria,5230 OLD NATIONAL HWY,COLLEGE PARK,GA,30349,2015/05/07,86
1-15851,China Cafeteria,3613 MARTIN LUTHER KING JR. DR SW,ATLANTA,GA,30331,2015/03/20,91
1-745,China Cafeteria,609 CASCADE AVE SW,ATLANTA,GA,30310,2015/03/02,92
1-19592,China Cafeteria VI,2159 CAMPBELLTON,ATLANTA,GA,30311,2015/04/15,93
1-22817,China Cooks,215 NORTHWOOD DR STE 9,ATLANTA,GA,30342,2015/05/27,91
1-22817,China Cooks,215 NORTHWOOD DR STE 9,ATLANTA,GA,30342,2015/04/09,87
1-22817,China Cooks,215 NORTHWOOD DR STE 9,ATLANTA,GA,30342,2015/03/04,85
1-22817,China Cooks,215 NORTHWOOD DR STE 9,ATLANTA,GA,30342,2015/02/19,76
1-22817,China Cooks,215 NORTHWOOD DR STE 9,ATLANTA,GA,30342,2015/02/11,84
1-25315,China Garden,1579 MONROE DR STE A,ATLANTA,GA,30324,2015/03/18,89
1-25315,China Garden,1579 MONROE DR STE A,ATLANTA,GA,30324,2015/02/27,77
FSP-060-001302,China House,17 HUDSON PLZ,FAIRBURN,GA,30213,2015/04/13,98
1-31153,China King,4733 JONESBORO RD STE 150,UNION CITY,GA,30291,2015/04/07,93
1-31153,China King,4733 JONESBORO RD STE 150,UNION CITY,GA,30291,2015/03/13,74
2-31423,China Wok,4550 JONESBORO RD STE W,UNION CITY,GA,30291,2015/01/28,90
FSP-060-001663,China Wok,3737 MAIN ST,COLLEGE PARK,GA,30337,2015/05/05,80
1-22883,Chipotle,5250 WINDWARD PKWY,ALPHARETTA,GA,30004,2015/01/09,97
1-23197,Chipotle,3424 PIEDMONT RD,ATLANTA,GA,30305,2015/03/11,93
1-23804,Chipotle,5920 ROSWELL RD,ATLANTA,GA,30328,2015/01/27,93
FSP-060-002200,Chipotle Mexican Grill,1745 PEACHTREE ST NE STE H,ATLANTA,GA,30309,2015/05/29,100
FSP-060-001471,Chipotle Mexican Grill 1866,2020 HOWELL MILL RD,ATLANTA,GA,30318,2015/03/23,98
FSP-060-002488,Chow Bing,3330 PIEDMONT RD STE 22B,ATLANTA,GA,30305,2015/03/10,84
1-24020,Christ The King School,46 PEACHTREE WAY,ATLANTA,GA,30305,2015/03/24,96
1-32695,Christian City,7300 LESTER RD,UNION CITY,GA,30291,2015/04/28,100
FSP-060-000889,Chucks Famous,68 5TH ST NW,ATLANTA,GA,30308,2015/05/12,98
FSP-060-000159,Church,466 EDGEWOOD AVE,ATLANTA,GA,30312,2015/03/25,95
FSP-060-000399,Churchs Chicken,5148 OLD NATIONAL HWY,ATLANTA,GA,30349,2015/04/22,88
FSP-060-001674,Churchs Chicken,3561 MARTIN LUTHER KING DR,ATLANTA,GA,30331,2015/06/05,93
1-30120,Churchs Chicken  168,1405 MORELAND AVE,ATLANTA,GA,30316,2015/05/28,94
1-29953,Churchs Chicken 727,3667 CAMPBELLTON RD,ATLANTA,GA,30331,2015/03/30,93
1-29953,Churchs Chicken 727,3667 CAMPBELLTON RD,ATLANTA,GA,30331,2015/03/16,59
1-29968,Churchs Chicken 87,200 CLEVELAND AVE,ATLANTA,GA,30315,2015/05/14,91
1-29968,Churchs Chicken 87,200 CLEVELAND AVE,ATLANTA,GA,30315,2015/05/07,75
FSP-060-000717,Cibo e Beve,4969 ROSWELL RD STE 245,ATLANTA,GA,30342,2015/04/15,91
1-804,Circle Sushi,8725 ROSWELL RD STE 7-8,ATLANTA,GA,30350,2015/01/05,87
2-31743,City Garden,557 NORTH CENTRAL AVE,HAPEVILLE,GA,30354,2015/03/17,95
2-31743,City Garden,557 NORTH CENTRAL AVE,HAPEVILLE,GA,30354,2015/02/19,75
2-31743,City Garden,557 NORTH CENTRAL AVE,HAPEVILLE,GA,30354,2015/02/09,78
FSP-060-001703,City View Room,275 BAKER ST FL 4,ATLANTA,GA,30313,2015/05/22,92
1-820,Clays Sports Cafe,6518 ROSWELL RD,ATLANTA,GA,30328,2015/04/10,97
1-23284,Cleveland Avenue Elementary School,2672 OLD HAPEVILLE RD,ATLANTA,GA,30315,2015/04/01,96
1-31031,Cliftons American West Indian Cuisine,426 WEST BROAD ST,FAIRBURN,GA,30213,2015/03/25,87
1-32350,Cliftondale Elementary School,3340 WEST STUBBS RD,COLLEGE PARK,GA,30349,2015/04/02,100
FSP-060-000777,Club Silhouette,1905 PIEDMONT AVE NE,ATLANTA,GA,30324,2015/04/08,82
FSP-060-000777,Club Silhouette,1905 PIEDMONT AVE NE,ATLANTA,GA,30324,2015/03/25,70
1-15708,Club Wax,4375 COMMERCE DR STE B,ATLANTA,GA,30336,2015/03/11,89
1-29880,Coast Seafood & Raw Bar,111 WEST PACES FERRY,ATLANTA,GA,30305,2015/05/15,99
1-25319,Cogburn Woods Elementary,13058 COGBURN,ALPHARETTA,GA,30004,2015/03/24,91
FSP-060-002805,College Park Elementary School,2075 PRINCETON AVE,ATLANTA,GA,30349,2015/03/26,100
2-31659,Comfort Inn,795 POLLARD BLVD,ATLANTA,GA,30315,2015/01/27,92
FSP-060-000217,Commons Court Taco Bell,350 FERST DR NW FL 1,ATLANTA,GA,30332,2015/04/21,100
2-31481,Community Grounds Cafe,1297 JONESBORO,ATLANTA,GA,30315,2015/03/13,94
1-32138,Concession Bridge 6 Building 2,230 SPRING ST,ATLANTA,GA,30303,2015/01/09,100
1-32139,Concession On 6 Building 2,250 SPRING ST,ATLANTA,GA,30303,2015/01/09,100
1-862,Concourse Athletic Club,8 CONCOURSE PKWY NE,ATLANTA,GA,30328,2015/02/11,94
1-863,Concourse Cafe,8 CONCOURSE PKWY,ATLANTA,GA,30328,2015/02/11,81
FSP-060-001024,Condesa Coffee,480 JOHN WESLEY DOBBS STE 100,ATLANTA,GA,30312,2015/01/26,92
1-864,Conley Hills Elementary School,2580 DELOWE DR,EAST POINT,GA,30344,2015/03/11,100
1-23416,Connally Elementary School,1654 S ALVARADO TER SW,ATLANTA,GA,30311,2015/03/11,100
1-23380,Continental Colony Elementary School,3181 HOGAN RD SW,ATLANTA,GA,30312,2015/03/18,100
FSP-060-002496,Cook Out,403 MORELAND AVE,ATLANTA,GA,30316,2015/04/21,99
1-28432,Copelands Cheesecake Bistro,265 18TH ST STE 4130,ATLANTA,GA,30363,2015/05/29,99
1-28432,Copelands Cheesecake Bistro,265 18TH ST STE 4130,ATLANTA,GA,30363,2015/05/20,79
1-32586,Coretta Scott King YWLA,1190 NORTHWEST DR,ATLANTA,GA,30318,2015/04/21,100
1-876,Corner Cafe,6810 SHANNON PKWY,UNION CITY,GA,30291,2015/02/09,87
1-32476,Corner Cafe,13560 MORRIS RD STE 1160,ALPHARETTA,GA,30004,2015/02/13,100
1-32476,Corner Cafe,13560 MORRIS RD STE 1160,ALPHARETTA,GA,30004,2015/02/10,75
1-24593,Country Club Of Roswell Kitchen,2500 CLUB SPRINGS DR,ROSWELL,GA,30076,2015/05/06,98
1-24594,Country Club Of Roswell Lounge,2500 CLUB SPRINGS DR,ROSWELL,GA,30076,2015/05/12,100
1-27904,Country Gourmet Inc,3525 PIEDMONT RD,ATLANTA,GA,30305,2015/03/16,91
1-865,Country Inn & Suites  Continental Breakfast,759 POLLARD BLVD SW,ATLANTA,GA,30315,2015/01/27,96
1-31210,Courtyard Atlanta Airport West,3400 CAMP CREEK POINT DR,EAST  POINT,GA,30344,2015/05/11,94
FSP-060-000487,Courtyard by Marriott,3399 INTERNATIONAL BLVD,HAPEVILLE,GA,30354,2015/05/27,92
1-23886,Courtyard Cafeteria At Atlanta Medical Center,303 PARKWAY DR NE,ATLANTA,GA,30312,2015/05/01,97
1-14644,Covenant Community,623 SPRING ST NW,ATLANTA,GA,30308,2015/01/05,100
1-898,Cowtippers,1595 PIEDMONT RD,ATLANTA,GA,30324,2015/05/22,94
FSP-060-002185,Cozumel The Mexican Cantina Bar,5058 OLD NATIONAL HWY,ATLANTA,GA,30349,2015/05/08,73
FSP-060-002185,Cozumel The Mexican Cantina Bar,5058 OLD NATIONAL HWY,ATLANTA,GA,30349,2015/05/08,91
FSP-060-002184,Cozumel The Mexican Cantina Kitchen,5058 OLD NATIONAL HWY,COLLEGE PARK,GA,30349,2015/05/11,96
1-30473,Cozy Corner Cafe II,6190 POWERS FERRY RD,SANDY SPRINGS,GA,30339,2015/04/23,98
1-30473,Cozy Corner Cafe II,6190 POWERS FERRY RD,SANDY SPRINGS,GA,30339,2015/04/08,61
1-30473,Cozy Corner Cafe II,6190 POWERS FERRY RD,SANDY SPRINGS,GA,30339,2015/04/01,50
1-901,Crabapple Crossing Elementary,12765 BIRMINGHAM HWY,ALPHARETTA,GA,30202,2015/03/23,91
1-902,Crabapple Middle School,10700 CRABAPPLE RD,ROSWELL,GA,30075,2015/03/30,100
1-30878,Crawford Long Middle School,3200 LATONA DR,ATLANTA,GA,30354,2015/04/01,96
FSP-060-002781,Creekside High School,7405 HERNDON RD,FAIRBURN,GA,30213,2015/03/26,97
1-18638,Creekview Elementary,3995 WEBB BRIDGE,ALPHARETTA,GA,30005,2015/03/05,100
1-15294,Crestview Health And Rehabilitation Center,2800 SPRINGDALE RD SW,ATLANTA,GA,30315,2015/05/28,100
1-15294,Crestview Health And Rehabilitation Center,2800 SPRINGDALE RD SW,ATLANTA,GA,30315,2015/02/18,93
1-915,Crossroads Ministries,420 COURTLAND ST,ATLANTA,GA,30308,2015/05/18,90
1-32745,Crowne Plaza Atlanta Airport  Benton Restaurant,1325 VIRGINIA AVE,ATLANTA,GA,30344,2015/04/03,97
1-32746,Crowne Plaza Atlanta Airport  Lobby Bar,1325 VIRGINIA AVE,ATLANTA,GA,30344,2015/04/02,99
1-31424,Cypress Street Pint And Plate,817 WEST PEACHTREE ST,ATLANTA,GA,30308,2015/01/23,98
1-31424,Cypress Street Pint And Plate,817 WEST PEACHTREE ST,ATLANTA,GA,30308,2015/01/20,52
1-925,D & D BarBQue,1975 SYLVAN RD,ATLANTA,GA,30310,2015/05/13,96
FSP-060-002181,DCafe,1540 RALPH DAVID ABERNATHY,ATLANTA,GA,30310,2015/01/28,97
FSP-060-000311,DaiquiriCoffeeL13,1 GEORGIA DOME DR,ATLANTA,GA,30313,2015/02/13,100
1-13027,Dairy Queen,50 UPPER ALABAMA ST STE 140,ATLANTA,GA,30303,2015/04/23,95
1-26134,Dairy Queen,6627 ROOSEVELT HWY,UNION CITY,GA,30291,2015/04/07,90
1-31213,Dairy Queen,231 PEACHTREE ST,ATLANTA,GA,30303,2015/02/23,88
1-31098,Dairy Queen,9125 ROOSEVELT HWY,PALMETTO,GA,30268,2015/04/30,97
1-31098,Dairy Queen,9125 ROOSEVELT HWY,PALMETTO,GA,30268,2015/04/16,74
1-29283,Dairy Queen Of College Park,2201 ROOSEVELT HWY,COLLEGE PARK,GA,30337,2015/04/23,91
1-21774,Dakota Blue,454 CHEROKEE AVE SE,ATLANTA,GA,30312,2015/04/15,90
1-23359,Daniel H Stanton Elementary School,970 MARTIN ST SE,ATLANTA,GA,30315,2015/04/20,97
1-31820,Dantannas CNN Center,ONE CNN CTR STE 265,ATLANTA,GA,30303,2015/04/23,89
1-32675,DaquiriCoffee L31,1 GEORGIA DOME DR NW,ATLANTA,GA,30313,2015/02/13,100
1-32677,DaquiriCoffeeL19,1 GEORGIA DOME DR NW,ATLANTA,GA,30313,2015/01/14,100
1-32235,Daquiris Coffee 327,1 GEORGIA DOME DR,ATLANTA,GA,30313,2015/02/13,100
1-32307,Daquiris Coffee Club North,1 GEORGIA DOME DR,ATLANTA,GA,30313,2015/02/13,100
1-32200,Daquiris Coffee L23,1 GEORGIA DOME DR,ATLANTA,GA,30313,2015/02/13,100
1-32200,Daquiris Coffee L23,1 GEORGIA DOME DR,ATLANTA,GA,30313,2015/01/14,100
2-31613,Daquiris Coffee L13,1 GEORGIA DOME DR,ATLANTA,GA,30313,2015/02/13,100
1-32236,DaquirisCoffee 343,1 GEORGIA DOME DR,ATLANTA,GA,30313,2015/02/13,96
1-32252,DaquirisCoffee L45,1 GEORGIA DOME DR,ATLANTA,GA,30313,2015/02/13,100
FSP-060-000476,DaVincis Pizzeria Of Midtown,1270 WEST PEACHTREE ST,ATLANTA,GA,30309,2015/01/30,83
FSP-060-000251,Davios Northern Italian Steakhouse,3500 PEACHTREE RD NE STE 100,ATLANTA,GA,30326,2015/04/14,97
FSP-060-000251,Davios Northern Italian Steakhouse,3500 PEACHTREE RD NE STE 100,ATLANTA,GA,30326,2015/04/07,75
1-32337,Dean Rusk YMCA Headstart Academy,433 PEEPLES ST SW,ATLANTA,GA,30310,2015/04/29,96
1-25705,Deerwood Academy,3070 FAIRBURN SW,ATLANTA,GA,30331,2015/03/30,100
FSP-060-002326,Deja Vu Sports Bar & Lounge Kitchen,2997 CAMPBELLTON RD,ATLANTA,GA,30311,2015/04/22,84
FSP-060-002327,Deja Vu Sports Bar Lounge,2997 CAMPBELLTON RD,ATLANTA,GA,30311,2015/04/24,91
1-32024,Deli & Seafood,5084 OLD NATIONAL HWY,COLLEGE PARK,GA,30349,2015/04/21,89
FSP-060-000631,Deli  North Ave,120 NORTH AVE,ATLANTA,GA,30313,2015/03/12,100
1-969,Deli Market Cafe,4403 NORTHSIDE PKWY SUITE 170,ATLANTA,GA,30327,2015/01/15,100
1-969,Deli Market Cafe,4403 NORTHSIDE PKWY SUITE 170,ATLANTA,GA,30327,2015/01/08,78
1-31011,Deli USA,3334 COLVILLE AVE,HAPEVILLE,GA,30354,2015/05/11,80
1-31710,Delta Administration Center,1030 DELTA BLVD,ATLANTA,GA,30354,2015/03/05,96
1-981,Diamond Hall Conference Center,5495 OLD NATIONAL HWY,COLLEGE PARK,GA,30349,2015/01/28,95
FSP-060-000815,Diamonds of Atlanta,1271 MARIETTA BLVD,ATLANTA,GA,30318,2015/04/09,96
FSP-060-000815,Diamonds of Atlanta,1271 MARIETTA BLVD,ATLANTA,GA,30318,2015/03/25,74
1-30365,Dippin Dots Sodexo,800 CHEROKEE AVE,ALTANTA,GA,30312,2015/04/02,100
FSP-060-001998,Dippin Dots  L15,1 GEORGIA DOME DR,ATLANTA,GA,30313,2015/03/26,100
FSP-060-001995,Dippin Dots  L43,1 GEORGIA DOME DR,ATLANTA,GA,30313,2015/02/13,100
FSP-060-001988,Dippin Dots L26,1 GEORGIA DOME DR,ATLANTA,GA,30313,2015/03/26,100
FSP-060-001988,Dippin Dots L26,1 GEORGIA DOME DR,ATLANTA,GA,30313,2015/03/23,100
FSP-060-001988,Dippin Dots L26,1 GEORGIA DOME DR,ATLANTA,GA,30313,2015/02/13,100
FSP-060-001989,Dippin Dots U37,1 GEORGIA DOME DR,ATLANTA,GA,30313,2015/02/13,100
1-1002,Doll House,2050 CHESHIRE BRIDGE RD,ATLANTA,GA,30324,2015/03/25,97
1-1004,Dolvin Elementary  School,10495 JONES BRIDGE,ALPHARETTA,GA,30201,2015/03/09,100
FSP-060-000492,Dominos Pizza,1100 HAMMOND DR,ATLANTA,GA,30328,2015/01/12,96
FSP-060-000170,Dominos Pizza,461 PONCE DE LEON AVE,ATLANTA,GA,30308,2015/05/11,84
1-21465,Dominos Pizza,3435 ROOSEVELT HWY,RED OAK,GA,30272,2015/03/30,90
1-23326,Dominos Pizza,45 HUDSON PLAZA,FAIRBURN,GA,30123,2015/04/13,93
1-29674,Dominos Pizza,6130 ROSWELL RD,SANDY SPRINGS,GA,30328,2015/04/07,90
1-26588,Dominos Pizza,1195 FAIRBURN RD STE 110,ATLANTA,GA,30331,2015/02/03,93
FSP-060-000799,Dominos Pizza  5707,1959 HOWELL MILL RD,ATLANTA,GA,30318,2015/03/23,99
FSP-060-000786,Dominos Pizza  5708,44 10TH ST NW,ATLANTA,GA,30309,2015/04/10,100
FSP-060-000795,Dominos Pizza 3593,9165 ROSEVELT HWY STE D,PALMETTO,GA,30268,2015/04/16,94
1-1008,Dominos Pizza 4163,10955 JONES BRIDGE RD NE,ALPHARETTA,GA,30022,2015/05/14,90
1-26670,Dominos Pizza 5702,3175 ROSWELL RD STE B,ATLANTA,GA,30305,2015/06/01,90
1-29995,Don Chon Mexican Restaurant,616 SOUTH CENTRAL AVE,HAPEVILLE,GA,30354,2015/03/17,80
1-14407,Dorothy C Benson Senior Multipurpose Complex,6500 VERNON WOODS DR,ATLANTA,GA,30328,2015/02/19,91
FSP-060-000571,Double Zero Napoletana,5825 ROSWELL RD,ATLANTA,GA,30328,2015/05/01,97
FSP-060-000571,Double Zero Napoletana,5825 ROSWELL RD,ATLANTA,GA,30328,2015/04/23,76
1-30682,Dragon China,5851 BUFFINGTON RD STE H,UNION CITY,GA,30349,2015/02/23,93
1-30682,Dragon China,5851 BUFFINGTON RD STE H,UNION CITY,GA,30349,2015/02/11,72
1-29700,Dressed,950 WEST PEACHTREE ST STE 240,ATLANTA,GA,30309,2015/02/06,100
FSP-060-001684,drip LLC,601 NORTH CENTRAL AVE,HAPEVILLE,GA,30354,2015/01/05,95
1-30829,Dua Vietnamese Noodle Soup,53 BROAD ST,ATLANTA,GA,30303,2015/05/07,85
1-32638,Dunbar Elementary School,500 WHITEHALL TER,ATLANTA,GA,30312,2015/03/11,99
1-29887,Dunkin Donuts,3630 OLD MILTON PKWY,ALPHARETTA,GA,30005,2015/02/20,100
1-30106,Dunkin Donuts,303 PEACHTREE ST,ATLANTA,GA,30308,2015/04/15,95
1-30107,Dunkin Donuts,675 WEST PEACHTREE ST,ATLANTA,GA,30308,2015/04/10,100
1-30160,Dunkin Donuts,1 CNN CENTER,ATLANTA,GA,30303,2015/03/31,99
FSP-060-002481,Dunkin Donuts,7804 SENOIA RD,FAIRBURN,GA,30213,2015/04/09,91
1-30064,Dunkin Donuts,11706 ALPHARETTA HWY STE 400,ROSWELL,GA,30076,2015/06/04,86
FSP-060-001878,Dunkin Donuts 350439,6060 OLD NATIONAL HWY,ATLANTA,GA,30349,2015/04/08,84
FSP-060-002479,Dunkin Donuts BC 1841 PA LLC,1841 PIEDMONT RD,ATLANTA,GA,30324,2015/02/27,91
FSP-060-002478,Dunkin Donuts BC 1766 HMR LLC,1766 HOWELL MILL RD,ATLANTA,GA,30318,2015/02/10,95
1-16030,Dunwoody Springs Elementary School,8100 ROBERTS DR,ATLANTA,GA,30350,2015/03/16,100
1-21283,Earthlink Live Center Stage DBA Earthlink Live,1374 WEST PEACHTREE ST,ATLANTA,GA,30309,2015/04/20,100
FSP-060-002250,Eat Fresh,1000 ABERNATHY ROAD,SANDY SPRINGS,GA,30328,2015/02/24,100
FSP-060-002250,Eat Fresh,1000 ABERNATHY ROAD,SANDY SPRINGS,GA,30328,2015/02/19,64
1-29287,Ecco,40 7TH ST,ATLANTA,GA,30308,2015/04/17,95
1-29287,Ecco,40 7TH ST,ATLANTA,GA,30308,2015/04/10,72
FSP-060-002619,Eden Cafe  The Westin Buckhead Atlanta,3391 PEACHTREE RD NE,ATLANTA,GA,30326,2015/05/27,97
1-30621,Edgewood Corner Tavern,464 EDGEWOOD AVE STE A,ATLANTA,GA,30312,2015/03/26,91
FSP-060-001129,Egg Harbor CafeSandy Springs,5920 ROSWELL RD STE A-101,ATLANTA,GA,30328,2015/02/12,93
FSP-060-001129,Egg Harbor CafeSandy Springs,5920 ROSWELL RD STE A-101,ATLANTA,GA,30328,2015/02/02,71
FSP-060-002775,Einstein Bros Bagels,800 PEACHTREE ST,ATLANTA,GA,30308,2015/04/23,95
1-18890,Einstein Brother Bagels,1676 MONROE AVE,ATLANTA,GA,30324,2015/04/01,94
1-19360,Einstein Noah Corp,4502 ROSWELL RD,ATLANTA,GA,30342,2015/05/04,99
FSP-060-002268,Einsteins,1077 JUNIPER ST NE,ATLANTA,GA,30309,2015/06/03,97
1-1116,El Taco Veloz II Inc,5670 ROSWELL RD,ATLANTA,GA,30342,2015/04/08,88
1-17909,El Torero 8,625 CROSSVILLE RD,ROSWELL,GA,30075,2015/06/01,91
1-32708,El Zarape Mexican Restaurant,880 ATLANTA ST,ROSWELL,GA,30075,2015/05/11,88
1-32708,El Zarape Mexican Restaurant,880 ATLANTA ST,ROSWELL,GA,30075,2015/04/28,62
1-32708,El Zarape Mexican Restaurant,880 ATLANTA ST,ROSWELL,GA,30075,2015/01/21,82
1-18640,Elkins Point Middle School,11290 ELKINS,ROSWELL,GA,30076,2015/04/01,100
1-26966,Embassy Suites Bar,5955 NORTH POINT PKWY,ALPHARETTA,GA,30022,2015/02/09,100
FSP-060-002077,Emeritus at Dunwoody,1460 JOHNSON FERRY RD,ATLANTA,GA,30319,2015/02/11,91
FSP-060-000785,Emeritus at Sandy Springs,1260 HIGHTOWER TRL,ATLANTA,GA,30350,2015/01/05,91
FSP-060-000834,Emeritus At Sandy Springs Place,1262 HIGHTOWER TRL,ATLANTA,GA,30350,2015/01/06,96
FSP-060-000339,Empire State South,999 PEACHTREE ST NE,ATLANTA,GA,30309,2015/04/28,91
FSP-060-001951,Employee Cafeteria  W Atlanta Midtown Hotel,188 14TH ST,ATLANTA,GA,30361,2015/05/29,100
1-21678,Enat Ethiopia Cafe And Mart,1999 CHESHIRE BRIDGE RD,ATLANTA,GA,30324,2015/03/26,100
1-32359,Enzo Japanese Restaurant,8540 ROSWELL RD,ATLANTA,GA,30350,2015/04/07,95
1-32359,Enzo Japanese Restaurant,8540 ROSWELL RD,ATLANTA,GA,30350,2015/04/01,79
1-23759,Epicures Of Asia,885 WOODSTOCK RD,ROSWELL,GA,30075,2015/06/05,91
1-23759,Epicures Of Asia,885 WOODSTOCK RD,ROSWELL,GA,30075,2015/05/28,50
1-30923,Equifax Headquarters,1550 PEACHTREE ST NW,ATLANTA,GA,30309,2015/05/26,96
1-1152,Esther Jackson Elementary School,1400 MARTIN,ROSWELL,GA,30076,2015/03/24,100
1-30972,European Kitchen Express,1197 PEACHTREE ST STE 512,ATLANTA,GA,30361,2015/04/29,95
FSP-060-002789,Events By Juanita,1509 VIRGINIA AVE,ATLANTA,GA,30337,2015/02/12,96
1-1160,Evoline C West Elem Sch,7040 RIVERTOWN,FAIRBURN,GA,30213,2015/03/26,100
1-23829,FL Stanton Elementary,1625 MARTIN LUTHER KING JR. DR SW,ATLANTA,GA,30310,2015/03/18,100
1-1172,Fairburn Health Care Ctr,178 WEST CAMPBELLTON ST S,FAIRBURN,GA,30213,2015/04/23,100
FSP-060-000164,Fairfield Inn & Suite Atlanta Airport North,1255 WALKER AVE,EASTPOINT,GA,30344,2015/05/12,92
1-22531,Families First Second Chance Home,2625 JEROME RD,COLLEGE PARK,GA,30349,2015/05/13,94
1-1177,Fannies Rest & Lounge,4401 FULTON INDUSTRIAL BLVD,ATLANTA,GA,30336,2015/01/22,97
1-31215,Far East Fusion Inc,350 FERST DR NW,ATLANTA,GA,30332,2015/04/21,100
FSP-060-000801,Farm Burger,3365 PIEDMONT RD STE 1120,ATLANTA,GA,30305,2015/03/13,100
1-24386,Farmers Basket,225 PEACHTREE ST NE,ATLANTA,GA,30303,2015/04/06,97
1-24386,Farmers Basket,225 PEACHTREE ST NE,ATLANTA,GA,30303,2015/03/24,82
2-31720,Feldwood Elementary School,5790 FELDWOOD RD,COLLEGE PARK,GA,30349,2015/03/12,100
1-1190,Fellinis,1991 HOWELL MILL RD,ATLANTA,GA,30318,2015/03/23,94
1-1191,Fellinis Pizza,4429 ROSWELL RD,ATLANTA,GA,30342,2015/05/05,100
1-24264,Figo Pasta LLC,1170 COLLIER RD STE B,ATLANTA,GA,30318,2015/03/23,94
1-1194,Findley Oaks Elementary School,5880 FINLEY CHASE DR,DULUTH,GA,30097,2015/03/25,100
1-1193,Finish Line Sportbar,1031 VIRGINIA AVE,ATLANTA,GA,30354,2015/02/19,92
1-30091,Fire Of BrazilJalapeno Charlies,218 PEACHTREE ST NW,ATLANTA,GA,30303,2015/04/22,87
1-30091,Fire Of BrazilJalapeno Charlies,218 PEACHTREE ST NW,ATLANTA,GA,30303,2015/04/06,87
1-31450,Firehouse Subs,13087 HIGHWAY 9 STE 930,MILTON,GA,30004,2015/05/18,99
1-29677,Firehouse Subs,2221 PEACHTREE RD STE A,ATLANTA,GA,30309,2015/04/13,94
FSP-060-002292,Firehouse Subs,225 PEACHTREE ST STE B-27,ATLANTA,GA,30303,2015/01/28,95
1-1197,First Presbyterian Church,1328 PEACHTREE ST N,ATLANTA,GA,30309,2015/03/30,100
1-27656,FIshook Grille,660 WEST CROSSVILLE,ROSWELL,GA,30075,2015/01/23,96
FSP-060-000586,Five Guys,860 PEACHTREE ST STE A,ATLANTA,GA,30308,2015/01/28,100
2-31696,Five Guys Burgers & Fries,6297 ROSWELL,SANDY SPRINGS,GA,30328,2015/02/05,100
1-32370,Five Paces Inn,41 IRBY AVE,ATLANTA,GA,30305,2015/03/25,93
1-29224,Flamingo Joes,800 CHEROKEE AVE,ATLANTA,GA,30315,2015/04/02,96
1-28765,Flavor Cafe,236 JOHNSON  FERRY RD STE 100,ATLANTA,GA,30326,2015/03/13,86
FSP-060-001826,Flik Boulevard NAT 12 Express,ONE COCA COLA BLVD,ATLANTA,GA,30313,2015/04/24,99
FSP-060-001830,Flik International CRV Catering Kitchen,ONE COCA COLA PLZ,ATLANTA,GA,30313,2015/04/24,100
FSP-060-000007,Flip Burger Boutique,3655 ROSWELL RD STE 300,ATLANTA,GA,30342,2015/06/01,91
FSP-060-000007,Flip Burger Boutique,3655 ROSWELL RD STE 300,ATLANTA,GA,30342,2015/05/28,65
1-31592,Flip Burger Boutique,1587 HOWELL MILL RD,ATLANTA,GA,30318,2015/05/13,96
1-17493,Fogo De Chao Churrascaria,3101 PIEDMONT RD,ATLANTA,GA,30305,2015/04/09,100
1-12843,Food 101,4969 ROSWELL RD STE 200,ATLANTA,GA,30342,2015/04/23,98
1-12843,Food 101,4969 ROSWELL RD STE 200,ATLANTA,GA,30342,2015/04/15,67
FSP-060-001690,Food Big Apple,1355 PEACHTREE ST STE 102,ATLANTA,GA,30309,2015/05/26,90
1-1213,Food Court,675 WEST PEACHTREE ST STE C-1,ATLANTA,GA,30308,2015/04/24,95
1-30510,Forrest Hill Academy,2930 FORREST HILL DR,ATLANTA,GA,30315,2015/04/16,100
1-1225,Fox Theatre,660 PEACHTREE ST NE,ATLANTA,GA,30308,2015/05/27,100
(1-2856),Foxglove Court,2850 SPRINGDALE RD SW,ATLANTA,GA,30315,2015/05/12,97
1-1227,Foxy Lady,1635 MORELAND AVE,ATLANTA,GA,30316,2015/04/22,95
1-28277,Fredrick Douglas High School,225 HAMILTON E. HOLMES DR NW,ATLANTA,GA,30318,2015/03/09,97
1-28278,Fredrick Douglas High School Hospitality Kitchen,225 HAMILTON E. HOLMES DR NW,ATLANTA,GA,30318,2015/03/09,100
1-31395,Fresh 2 Order,10900 MEDLOCK BRIDGE RD UNIT 201,JOHNS CREEK,GA,30097,2015/04/15,96
1-31395,Fresh 2 Order,10900 MEDLOCK BRIDGE RD UNIT 201,JOHNS CREEK,GA,30097,2015/04/07,79
1-31742,Fresh 4U,1937 PEACHTREE ST STE B,ATLANTA,GA,30309,2015/04/27,96
1-29313,Fresh To Order,860 PEACHTREE ST STE B,ATLANTA,GA,30308,2015/01/12,96
1-29313,Fresh To Order,860 PEACHTREE ST STE B,ATLANTA,GA,30308,2015/01/07,74
1-29662,Fresh To Order F2O,6125 ROSWELL RD STE 300,SANDY SPRINGS,GA,30328,2015/04/03,85
1-32373,Freshman  Dining Hall Georgia State,160 EDGEWOOD AVE,ATLANTA,GA,30303,2015/04/29,97
1-27837,Fried Rice King Restaurant,7490 OLD NATIONAL HWY STE 900,RIVERDALE,GA,30296,2015/01/13,95
1-15960,Fritti,311 NORTH HIGHLAND AVE,ATLANTA,GA,30307,2015/05/20,90
1-10596,Front Page News,1104 CRESCENT AVE,ATLANTA,GA,30309,2015/05/21,100
1-10596,Front Page News,1104 CRESCENT AVE,ATLANTA,GA,30309,2015/05/20,72
1-29745,Frys Electronics Inc,3065 WEBB RD,ALPHARETTA,GA,30004,2015/03/05,84
FSP-060-000005,Fuddruckers,6360 NORTH POINT PKWY,ALPHARETTA,GA,30022,2015/01/12,98
1-32009,Fuego Mundo,5590 ROSWELL RD NE STE 120,SANDY SPRINGS,GA,30342,2015/04/13,85
1-32009,Fuego Mundo,5590 ROSWELL RD NE STE 120,SANDY SPRINGS,GA,30342,2015/01/22,90
FSP-060-001139,Full Cup,3794 ROSWELL RD,ATLANTA,GA,30342,2015/05/19,90
1-32621,Fulton County Jail Officers Dining Area Upstairs,901 RICE ST,ATLANTA,GA,30305,2015/01/22,99
1-32622,Fulton County Jail Officers Dining Area Downstair,901 RICE ST,ATLANTA,GA,30305,2015/01/22,100
FSP-060-002384,Fulton Leadership Academy,1706 WASHINGTON RD,EAST POINT,GA,30344,2015/04/03,97
FSP-060-002384,Fulton Leadership Academy,1706 WASHINGTON RD,EAST POINT,GA,30344,2015/04/03,97
1-31417,Fulton Science Academy High school,4100 OLD MILTON PKWY,ALPHARETTA,GA,30005,2015/03/24,100
1-31417,Fulton Science Academy High school,4100 OLD MILTON PKWY,ALPHARETTA,GA,30005,2015/03/04,100
FSP-060-001323,Fulton Sunshine Academy,1335 NORTHMEADOW PKWY STE 100,ROSWELL,GA,30076,2015/04/02,100
FSP-060-000354,Funnel Cakes L24,1 GEORGIA DOME DR,ATLANTA,GA,30313,2015/02/13,100
FSP-060-000358,Funnel Cakes L50,1 GEORGIA DOME DR,ATLANTA,GA,30313,2015/02/13,100
1-23503,GA Towns Elementary,760 BOLTON RD NW,ATLANTA,GA,30331,2015/03/02,99
2-31737,GA Magnet Charter SchHapeville Career Acad High Sch,6045 BUFFINGTON BLDG A,UNION CITY,GA,30349,2015/03/25,97
FSP-060-000119,Gallas Pizza,1155 MOUNT VERNON RD,ATLANTA,GA,30338,2015/01/09,95
FSP-060-001764,GameX Bar,275 BAKER ST STE B,ATLANTA,GA,30313,2015/05/22,99
FSP-060-001763,GameX Main,275 BAKER ST STE B,ATLANTA,GA,30313,2015/05/22,91
FSP-060-002546,Garden Hills Concessions,355 PINETREE DRIVE NE,ATLANTA,GA,30305,2015/05/06,96
1-23327,Garden Hills Elementary,285 SHERIDAN DR NW,ATLANTA,GA,30306,2015/05/06,100
2-31607,GE Capital,4125 WINDWARD PLZ,ALPHARETTA,GA,30005,2015/01/28,96
1-32507,Genki Noodles & Sushi,5590 ROSWELL RD STE 100,ATLANTA,GA,30342,2015/04/02,87
1-31491,Genki Sushi & Yakitori,3186 ROSWELL RD N,ATLANTA,GA,30305,2015/06/01,89
1-28467,Georgia Aquarium Ballroom,225 BAKER ST,ATLANTA,GA,30313,2015/04/22,87
1-28464,Georgia Aquarium Food Court,225 BAKER ST,ATLANTA,GA,30313,2015/04/22,87
1-28464,Georgia Aquarium Food Court,225 BAKER ST,ATLANTA,GA,30313,2015/04/22,87
FSP-060-002105,Georgia Baptist Homes & Family Ministries,9250 HUTCHESON FERRY RD,PALMETTO,GA,30268,2015/02/19,95
1-32721,Georgia Cafe,600 W PEACHTREE ST NW STE 40,ATLANTA,GA,30308,2015/05/15,92
2-31779,Georgia Tech  ChickFilA Wenn Student Center,350 FERST DR NW 1ST FLOOR COMMONS,ATLANTA,GA,30332,2015/04/21,100
FSP-060-002419,Georgia Tech Hotel and Conference Center Kitchen,800 SPRING ST NW,ATLANTA,GA,30308,2015/05/13,100
FSP-060-002419,Georgia Tech Hotel and Conference Center Kitchen,800 SPRING ST NW,ATLANTA,GA,30308,2015/05/12,78
1-31529,Georgia World Congress Center  American Grill,285 ANDREW YOUNG INTERNATIONAL BLVD,ATLANTA,GA,30303,2015/03/26,100
1-31534,Georgia World Congress Center  Asia Concession,285 ANDREW YOUNG INTERNATIONAL BLVD,ATLANTA,GA,30303,2015/03/26,100
1-31548,Georgia World Congress Center  Burger Burger  B2,285 ANDREW YOUNG INTERNATIONAL BLVD,ATLANTA,GA,30303,2015/02/13,100
1-31541,Georgia World Congress Center  Burger Burger A2,285 ANDREW YOUNG INTERNATIONAL BLVD,ATLANTA,GA,30303,2015/02/23,100
1-31550,Georgia World Congress Center  Cafe Cornucopia B2,285 ANDREW YOUNG INTERNATIONAL BLVD,ATLANTA,GA,30303,2015/02/13,100
1-31551,Georgia World Congress Center  Concession Std B3,285 ANDREW YOUNG INTERNATIONAL BLVD,ATLANTA,GA,30303,2015/02/13,100
1-31559,Georgia World Congress Center  Concession Std C4,285 ANDREW YOUNG INTERNATIONAL BLVD,ATLANTA,GA,30303,2015/03/26,96
1-31559,Georgia World Congress Center  Concession Std C4,285 ANDREW YOUNG INTERNATIONAL BLVD,ATLANTA,GA,30303,2015/03/26,100
1-31542,Georgia World Congress Center  Crave  A3,285 ANDREW YOUNG INTERNATIONAL BLVD,ATLANTA,GA,30303,2015/02/23,95
1-31549,Georgia World Congress Center  Food Works  B2,285 ANDREW YOUNG INTERNATIONAL BLVD,ATLANTA,GA,30303,2015/02/13,100
1-31538,Georgia World Congress Center  GA Barbecue,285 ANDREW YOUNG INTERNATIONAL BLVD,ATLANTA,GA,30303,2015/03/26,100
1-31538,Georgia World Congress Center  GA Barbecue,285 ANDREW YOUNG INTERNATIONAL BLVD,ATLANTA,GA,30303,2015/03/26,100
1-31536,Georgia World Congress Center  Idaho Concession,285 ANDREW YOUNG INTERNATIONAL BLVD,ATLANTA,GA,30303,2015/03/31,100
1-31572,Georgia World Congress Center  Mexico Concession,285 ANDREW YOUNG INTERNATIONAL BLVD,ATLANTA,GA,30303,2015/03/26,100
1-31546,Georgia World Congress Center  Outtakes,285 ANDREW YOUNG INTERNATIONAL BLVD,ATLANTA,GA,30303,2015/02/22,100
1-31543,Georgia World Congress Center  Park Deli  A3,285 ANDREW YOUNG INTERNATIONAL BLVD,ATLANTA,GA,30303,2015/02/23,96
1-31535,Georgia World Congress Center  Roma Concession,285 ANDREW YOUNG INTERNATIONAL BLVD,ATLANTA,GA,30303,2015/03/26,100
1-31540,Georgia World Congress Center  Shaken  A1,285 ANDREW YOUNG INTERNATIONAL BLVD,ATLANTA,GA,30303,2015/02/23,98
1-31532,Georgia World Congress Center  Vienna Concession,285 ANDREW YOUNG INTERNATIONAL BLVD,ATLANTA,GA,30303,2015/03/26,100
1-31555,Georgia World Congress Center Outtakes B400,285 ANDREW YOUNG INTERNATIONAL BLVD,ATLANTA,GA,30303,2015/02/13,100
FSP-060-002451,Georgian Terrace Butcher Shop,659 PEACHTREE ST,ATLANTA,GA,30308,2015/02/24,100
FSP-060-002454,Georgian Terrace Cafe Mims,659 PEACHTREE ST,ATLANTA,GA,30308,2015/02/24,100
FSP-060-002452,Georgian Terrace Livingtson Restaurant & Bar,659 PEACHTREE ST,ATLANTA,GA,30308,2015/02/24,100
FSP-060-002450,Georgian Terrace Main Kitchen,659 PEACHTREE ST,ATLANTA,GA,30308,2015/02/24,96
FSP-060-002453,Georgian Terrace Proof & Provision,659 PEACHTREE ST,ATLANTA,GA,30308,2015/02/24,100
1-31547,Georiga World Congress Center  ChickFilA,285 ANDREW YOUNG INTERNATIONAL BLVD,ATLANTA,GA,30303,2015/03/26,99
1-12845,Ghion Cultural Hall,2080 CHESHIRE BRIDGE RD,ATLANTA,GA,30324,2015/03/26,100
1-23374,Gideons Elementary School,897 WELCH ST SW,ATLANTA,GA,30310,2015/04/28,100
1-24925,Ginseng Chinese Cafe,52 BROAD ST NW,ATLANTA,GA,30303,2015/05/07,95
2-31573,Gizmos Bar & Grill,24 WEST BROAD ST,FAIRBURN,GA,30213,2015/04/17,92
FSP-060-000612,Gladys Knight Signature Chicken & Waffles,529 PEACHTREE ST,ATLANTA,GA,30329,2015/04/08,94
FSP-060-000612,Gladys Knight Signature Chicken & Waffles,529 PEACHTREE ST,ATLANTA,GA,30329,2015/03/26,79
FSP-060-002045,Gladys Knight Signature Chicken & Waffles  Bar,3752 CASCADE RD,ATLANTA,GA,30331,2015/03/16,96
1-18266,GNC Smoothie Shop,3695 CASCADE RD STE - H,ATLANTA,GA,30331,2015/04/27,85
1-1291,Goldbergs Bagel Company,4383 ROSWELL RD,ATLANTA,GA,30342,2015/05/07,90
1-14509,Goldbergs Bagels And Deli,1272 WEST PACES FERRY RD,ATLANTA,GA,30327,2015/03/24,79
1-31784,Golden Krust,6025 OLD NATIONAL HWY STE B,COLLEGE PARK,GA,30349,2015/05/15,93
FSP-060-000056,Goodfellas Pizza & Wings,615 SPRING ST NW,ATLANTA,GA,30308,2015/01/05,90
1-24891,Gordon  Biersch Brewery Restaurant,848 PEACHTREE ST NE,ATLANTA,GA,30308,2015/05/28,91
1-31367,Gordon Biersch  2,3242 PEACHTREE RD,ATLANTA,GA,30305,2015/02/19,91
1-31367,Gordon Biersch  2,3242 PEACHTREE RD,ATLANTA,GA,30305,2015/02/04,74
FSP-060-001119,Gourmet Twist 2,285 ANDREW YOUNG INTERNATIONAL BLVD,ATLANTA,GA,30303,2015/03/26,100
FSP-060-001119,Gourmet Twist 2,285 ANDREW YOUNG INTERNATIONAL BLVD,ATLANTA,GA,30303,2015/02/13,100
FSP-060-000156,Gourmet Twists,285 ANDREW YOUNG INTERNATIONAL BLVD,ATLANTA,GA,30305,2015/03/31,99
1-23383,Grady High School,929 CHARLES ALLEN DR NE,ATLANTA,GA,30309,2015/04/03,100
1-30431,Grady Hospital Main Cafeteria,80 JESSE HILL JR DR,ATLANTA,GA,30303,2015/04/20,99
1-30431,Grady Hospital Main Cafeteria,80 JESSE HILL JR DR,ATLANTA,GA,30303,2015/03/05,87
FSP-060-002249,Grand Buffet,4365 FULTON INDUSTRIAL BLVD SW,ATLANTA,GA,30336,2015/01/22,94
1-1329,Grant Central Pizza,451 CHEROKEE AVE SE,ATLANTA,GA,30312,2015/04/15,95
1-32744,Grant Park Coffeehouse,753-A CHEROKEE AVE SE,ATLANTA,GA,30315,2015/04/15,96
1-24728,Great Wall Chinese Restaurant,6075 OLD NATIONAL HWY STE M,COLLEGE PARK,GA,30349,2015/03/25,94
1-24728,Great Wall Chinese Restaurant,6075 OLD NATIONAL HWY STE M,COLLEGE PARK,GA,30349,2015/03/13,70
1-13052,Great Wraps,1 CNN CENTER STE 227,ATLANTA,GA,30303,2015/05/29,83
FSP-060-001295,Grecian Gyro,11035 MEDLOCK BRIDGE RD STE 50,DULUTH,GA,30097,2015/04/06,96
FSP-060-002673,Green Tree Restaurant,3259 DOGWOOD DR,HAPEVILLE,GA,30354,2015/02/18,87
FSP-060-002673,Green Tree Restaurant,3259 DOGWOOD DR,HAPEVILLE,GA,30354,2015/02/04,74
FSP-060-000275,Greystone  Piedmont Park Concession Stand,400 PARK DR STE C,ATLANTA,GA,30306,2015/05/14,99
FSP-060-000275,Greystone  Piedmont Park Concession Stand,400 PARK DR STE C,ATLANTA,GA,30306,2015/03/25,96
FSP-060-000276,Greystone  Piedmont Park Warming Kitchen,400 PARK DR STE D,ATLANTA,GA,30306,2015/05/14,99
FSP-060-000276,Greystone  Piedmont Park Warming Kitchen,400 PARK DR STE D,ATLANTA,GA,30306,2015/03/25,96
FSP-060-000630,Grill  North Ave,120 NORTH AVE,ATLANTA,GA,30313,2015/03/12,98
FSP-060-001750,Grill Works Support Kitchen,350 SPELMAN LN,ATLANTA,GA,30314,2015/04/28,100
FSP-060-000541,Grindhouse Killer Burgers,1842 PIEDMONT AVE,ATLANTA,GA,30324,2015/02/27,98
1-23304,Grove Park Elementary School,20 EVELYN WAY,ATLANTA,GA,30318,2015/03/10,100
1-29333,Grown Folks Cafe And Bar,5495 OLD NATIONAL HWY,COLLEGE PARK,GA,30349,2015/03/27,95
FSP-060-000806,Gutbusters,5495 CASCADE RD STE 103,ATLANTA,GA,30331,2015/05/28,91
1-31504,GWCC Get Away Cafe,285 ANDREW YOUNG INTERNATIONAL BLVD,ATLANTA,GA,30303,2015/02/23,100
1-31405,GWCC Main Kitchen Ballroom 5Th Floor,285 ANDREW YOUNG INTERNATIONAL BLVD,ATLANTA,GA,30303,2015/02/13,100
1-31503,GWCCC Kitchen 3Rd Floor,285 ANDREW YOUNG INTERNATIONAL BLVD,ATLANTA,GA,30303,2015/03/26,100
1-31575,GWCCFood World Kitchen,285 ANDREW YOUNG INTERNATIONAL BLVD,ATLANTA,GA,30303,2015/03/26,95
FSP-060-000967,Gyro King,5841 ROSWELL RD STE 101,ATLANTA,GA,30328,2015/01/27,100
FSP-060-001210,Gyro King,85 FIFTH ST,ATLANTA,GA,30308,2015/02/09,95
1-18870,Haagen  Dazs,2178 NORTH POINT CIR,ALPHARETTA,GA,30022,2015/01/09,96
FSP-060-001424,Haiku,5966 NORTH POINT PKWY,ALPHARETTA,GA,30022,2015/04/03,97
1-22986,Hamilton E Holmes Elementary School,2301 CONNALLY DR,EAST POINT,GA,30344,2015/03/11,93
2-31784,Hammers Beach Bar,898 VIRGINIA AVE,HAPEVILLE,GA,30354,2015/04/14,92
FSP-060-002690,Hampton Inn & Suites Atlanta Airport West Restaurant,3450 CREEK POINTE DR,ATLANTA,GA,30344,2015/05/11,95
1-18583,Hampton Inn And Suites,3450 BOBBY BROWN PKWY,ATLANTA,GA,30344,2015/05/12,100
FSP-060-002976,Hampton Inn Atlanta Buckhead,3398 PIEDMONT CLB,ATLANTA,GA,30305,2015/03/10,100
FSP-060-002976,Hampton Inn Atlanta Buckhead,3398 PIEDMONT CLB,ATLANTA,GA,30305,2015/01/02,0
1-32087,Hapeville Career Academy  Middle School,6045 BUFFINGTON RD,UNION CITY,GA,30349,2015/03/25,100
1-26413,Hapeville Charter Middle School,3535 SOUTH FULTON AVE,HAPEVILLE,GA,30354,2015/03/17,97
1-1387,Hapeville Elementary School,3440 NORTH FULTON AVE,HAPEVILLE,GA,30354,2015/04/16,100
1-28594,Hapeville Manor Assisted Living Facility Inc,601 COLEMAN ST,HAPEVILLE,GA,30354,2015/04/23,99
1-23774,Hapeville Neighborhood Senior Center,527 KING ARNOLD ST,HAPEVILLE,GA,30354,2015/02/11,96
FSP-060-000095,Happy Buddha,1457 VIRGINIA AVE,COLLEGE PARK,GA,30337,2015/02/02,84
1-21073,Happy Sumo Inc,1155-A MOUNT VERNON HWY,ATLANTA,GA,30338,2015/04/07,92
1-23409,HarperArcher Middle School,3399 COLLIER DR NW,ATLANTA,GA,30331,2015/03/02,98
1-1409,Harriet Tubman Elementary School,2861 LAKESHORE DR,COLLEGE PARK,GA,30337,2015/03/18,99
1-14017,Harriett G Darnell Senior Multipurpose Facility  FSP,677 FAIRBURN RD NW,ATLANTA,GA,30331,2015/04/22,97
FSP-060-002818,Havana Club,3112 PIEDMONT RD NE,ATLANTA,GA,30305,2015/04/28,100
FSP-060-002820,Havana Club Gallery,3112 PIEDMONT RD,ATLANTA,GA,30305,2015/04/29,100
FSP-060-002821,Havana Club Studio,3112 PIEDMONT RD,ATLANTA,GA,30305,2015/04/28,100
1-1422,Haynes Bridge Middle School,10665 HAYNES BRIDGE,ALPHARETTA,GA,30201,2015/03/09,100
1-1424,Heards Ferry Elementary School,1050 HEARDS FERRY,ATLANTA,GA,30328,2015/03/11,100
1-31428,Hearth Pizza Tavern,5992 ROSWELL RD,SANDY SPRINGS,GA,30328,2015/02/04,92
1-31428,Hearth Pizza Tavern,5992 ROSWELL RD,SANDY SPRINGS,GA,30328,2015/01/22,74
1-23476,Helene S Mills Multipurpose Facility,515 JOHN WESLEY DOBBS AVE,ATLANTA,GA,30312,2015/01/26,95
FSP-060-001873,Henrys Midtown,132 10TH ST NE,ATLANTA,GA,30309,2015/06/04,77
1-23286,Heritage Academy,3500 BLAIR VILLA DR SE,ATLANTA,GA,30354,2015/04/14,99
1-14817,Heritage Elementary School,2600 JOLLY,COLLEGE PARK,GA,30349,2015/03/12,99
1-14817,Heritage Elementary School,2600 JOLLY,COLLEGE PARK,GA,30349,2015/03/11,85
2-31738,Highland Bakery Midtown At 1180,1180 PEACHTREE ST NE STE L-C,ATLANTA,GA,30309,2015/02/27,98
FSP-060-000580,Highland Buckhead,3353 PEACHTREE RD NE STE 100,ATLANTA,GA,30305,2015/05/20,96
1-1447,Highpoint Elementary School,520 GREENLAND,ATLANTA,GA,30342,2015/04/20,99
1-18795,Hillside Elementary,9250 SCOTT,ROSWELL,GA,30076,2015/03/10,100
1-1448,Hilton Airport Main Kitchen,1031 VIRGINIA AVE,HAPEVILLE,GA,30354,2015/02/19,95
1-31970,Hilton Atlanta Hotel Market Place Restaurant,255 COURTLAND ST NE,ATLANTA,GA,30303,2015/03/23,89
1-31970,Hilton Atlanta Hotel Market Place Restaurant,255 COURTLAND ST NE,ATLANTA,GA,30303,2015/03/23,89
1-31972,Hilton Atlanta Hotel Southern Elements Restaurant,255 COURTLAND ST NE,ATLANTA,GA,30303,2015/03/23,91
FSP-060-001500,Hilton Garden Inn,4025 WINDWARD PLAZA,ALPHARETTA,GA,30005,2015/03/06,93
1-17907,Hilton Garden Inn,10975 GEORGIA LN,ALPHARETTA,GA,30022,2015/01/29,92
1-25062,Hilton Garden Inn,2301 SULLIVAN RD,COLLEGE PARK,GA,30337,2015/01/28,90
FSP-060-001598,Hilton Garden Inn Midtown Atlanta  Bar,97 10TH ST,ATLANTA,GA,30309,2015/04/21,100
FSP-060-001599,Hilton Garden Inn Midtown Atlanta Main Kitchen,97 10TH ST,ATLANTA,GA,30309,2015/04/21,86
1-30317,Hilton Pastry Kitchen,255 COURTLAND ST,ATLANTA,GA,30303,2015/04/08,97
1-30327,Hilton Employee Kitchen,255 COURTLAND ST,ATLANTA,GA,30303,2015/03/23,96
1-1454,Holcomb Bridge Middle School,2700 HOLCOMB BRIDGE,ALPHARETTA,GA,30022,2015/03/23,100
1-27909,Hole In The Wall,3177 PEACHTREE,ATLANTA,GA,30305,2015/03/26,99
FSP-060-001495,Holiday Inn & Suites    Kitchen,1380 VIRGINIA AVE,ATLANTA,GA,30344,2015/05/05,99
FSP-060-001495,Holiday Inn & Suites    Kitchen,1380 VIRGINIA AVE,ATLANTA,GA,30344,2015/04/30,79
FSP-060-000150,Holiday Inn Express and Suites,3833 PRINCETON LAKES CT,ATLANTA,GA,30331,2015/05/11,96
1-1463,Holy Innocents  Lower School,805 MOUNT VERNON HWY,ATLANTA,GA,30327,2015/04/13,98
1-1464,Holy Innocents  Upper School,805 MOUNT VERNON HWY,ATLANTA,GA,30327,2015/04/13,90
1-13502,Holy Redeemer School Cafeteria,3380 OLD ALABAMA RD,ALPHARETTA,GA,30022,2015/03/11,97
1-27176,Holy Spirit Preparatory School,4820 LONG ISLAND DR,SANDY SPRINGS,GA,30342,2015/04/16,96
1-25703,Holy Spirit Prepatory School  Upper School,4449 NORTHSIDE DR NW,ATLANTA,GA,30327,2015/04/13,97
FSP-060-002778,Homewood Suites,3405 BOBBY BROWN PKWY,ATLANTA,GA,30344,2015/05/12,92
1-31291,Homewood Suites Atlanta Buckhead,3566 PIEDMONT RD,ATLANTA,GA,30305,2015/03/13,90
FSP-060-001600,Homewood Suites Midtown Atlanta Main Kitchen,97 10TH ST,ATLANTA,GA,30309,2015/04/21,96
FSP-060-001648,Honey Bubble,798 PONCE DE LEON AVE,ATLANTA,GA,30314,2015/04/30,99
FSP-060-002337,Hong Kong City,810 RALPH DAVID ABERNATHY BLVD,ATLANTA,GA,30310,2015/01/22,87
1-20299,Hooters Of  Peachtree Street,209 PEACHTREE ST,ATLANTA,GA,30303,2015/03/06,90
1-25302,Hopewell Middle School,13060 COGBURN,ALPHARETTA,GA,30004,2015/03/24,100
1-1481,Horseradish Grill,4320 POWERS FERRY RD,ATLANTA,GA,30342,2015/03/30,96
1-1481,Horseradish Grill,4320 POWERS FERRY RD,ATLANTA,GA,30342,2015/03/23,73
1-29640,Hotel 400,1500 MARKET BLVD,ROSWELL,GA,30076,2015/01/28,96
FSP-060-002220,Hotel Indigo  Food Service,1776 HARVARD AVE,ATLANTA,GA,30337,2015/05/28,91
1-30271,Hotel Indigo Atlanta Midtown,683 PEACHTREE ST NE,ATLANTA,GA,30308,2015/04/28,90
FSP-060-001633,HP Alpharetta Cafe,5555 WINDWARD PKWY,ALPHARETTA,GA,30004,2015/04/13,98
1-32541,Hudson Grille,942 PEACHTREE ST NE,ATLANTA,GA,30309,2015/04/30,87
1-32542,Hudson Grille,942 PEACHTREE ST NE,ATLANTA,GA,30309,2015/04/30,100
FSP-060-001009,Hudson Grille Sandy Springs,6317 ROSWELL RD,ATLANTA,GA,30328,2015/04/06,87
FSP-060-000383,Hughes Spalding Childrens Hospital Cafe,"35 JESSE HILL JR., DR SE",ATLANTA,GA,30303,2015/01/28,100
1-23289,Humphries Elementary School,3029 HUMPHRIES DR SE,ATLANTA,GA,30354,2015/04/14,95
1-1513,Hunan Gourmet Restaurant,6070 SANDY SPRING CIR,ATLANTA,GA,30328,2015/01/30,82
1-1516,Huntcliff Summit,8592 ROSWELL RD,ATLANTA,GA,30350,2015/01/06,96
1-23292,Hutchinson Elementary School,650 CLEVELAND AVE,ATLANTA,GA,30315,2015/04/01,99
1-29261,Hyatt Place Atlanta Airport North,3415 NORMAN BERRY DR,EAST  POINT,GA,30344,2015/05/12,90
1-20981,Ichaban,5306 WINDWARD PKWY STE A,ALPHARETTA,GA,30004,2015/04/06,93
1-29942,Ideal Sports Bar,1953 LAKEWOOD AVE,ATLANTA,GA,30315,2015/05/12,96
1-29942,Ideal Sports Bar,1953 LAKEWOOD AVE,ATLANTA,GA,30315,2015/05/04,79
FSP-060-001437,IHOP,2510 FLAT SHOALS RD,ATLANTA,GA,30349,2015/05/12,91
1-27121,IKEA Georgia LLC Bistro 1St Floor,441 16TH ST NW,ATLANTA,GA,30363,2015/04/13,96
1-27120,IKEA Georgia LLCRestaurant 2Nd Floor,441 16TH ST NW,ATLANTA,GA,30363,2015/04/13,98
1-18601,Iklas Superb Sea Food,1437 CAMPBELLTON RD,ATLANTA,GA,30311,2015/03/06,94
1-30235,Il Forno NY Pizza & Pasta II,5680 ROSWELL UNIT A,SANDY SPRINGS,GA,30342,2015/04/13,91
1-30235,Il Forno NY Pizza & Pasta II,5680 ROSWELL UNIT A,SANDY SPRINGS,GA,30342,2015/04/06,77
FSP-060-000606,Il MIO IL TUO INC,800 PEACHTREE ST STE F1,ATLANTA,GA,30308,2015/02/26,100
FSP-060-000606,Il MIO IL TUO INC,800 PEACHTREE ST STE F1,ATLANTA,GA,30308,2015/02/24,75
1-30011,Independence High School,86 SCHOOL DR,ALPHARETTA,GA,30004,2015/03/26,100
FSP-060-000142,Induction Cart 1,285 ANDREW YOUNG INTERNATIONAL BLVD,ATLANTA,GA,30313,2015/03/26,100
FSP-060-000142,Induction Cart 1,285 ANDREW YOUNG INTERNATIONAL BLVD,ATLANTA,GA,30313,2015/02/13,100
FSP-060-000144,Induction Cart 2,285 ANDREW YOUNG INTERNATIONAL BLVD,ATLANTA,GA,30313,2015/02/13,100
FSP-060-000145,Induction Cart 3,285 ANDREW YOUNG INTERNATIONAL BLVD,ATLANTA,GA,30313,2015/02/13,100
FSP-060-000147,Induction Cart 4,285 ANDREW YOUNG INTERNATIONAL BLVD,ATLANTA,GA,30313,2015/02/13,100
FSP-060-000146,Induction Cart 5,285 ANDREW YOUNG INTERNATIONAL BLVD,ATLANTA,GA,30313,2015/02/13,100
FSP-060-002417,Industry Tavern,3280 PEACHTREE RD STE 185&187,ATLANTA,GA,30305,2015/02/12,95
FSP-060-002417,Industry Tavern,3280 PEACHTREE RD STE 185&187,ATLANTA,GA,30305,2015/02/05,70
1-23381,Inman Middle School,774 VIRGINIA AVE NE,ATLANTA,GA,30306,2015/04/03,100
1-30808,Inman Perk Coffee,240-A NORTH HIGHLAND AVE,ATLANTA,GA,30307,2015/04/21,87
FSP-060-001272,Insignia of Sandy Springs,690 MOUNT VERNON HWY,SANDY SPRINGS,GA,30328,2015/04/03,98
FSP-060-001272,Insignia of Sandy Springs,690 MOUNT VERNON HWY,SANDY SPRINGS,GA,30328,2015/03/24,78
2-31780,Intercontinental Buckhead Atlanta Employee Cafeter,3315 PEACHTREE RD NE,ATLANTA,GA,30326,2015/04/15,99
2-31775,Intercontinental Buckhead Banquet,3315 PEACHTREE ST,ATLANTA,GA,30326,2015/04/15,97
2-31778,Intercontinental Buckhead Main,3315 PEACHTREE RD,ATLANTA,GA,30326,2015/04/15,100
2-31782,Intercontinental Hotel Buckhead Atlanta JR Ballrm,3315 PEACHTREE RD NE,ATLANTA,GA,30326,2015/04/08,100
2-31477,Intergenerational Resource Center,444 EDGEWOOD AVE,ATLANTA,GA,30312,2015/01/28,99
1-1553,International House Of Pancakes,6120 ROSWELL RD,ATLANTA,GA,30328,2015/04/03,87
FSP-060-001290,International Tropical Flavor Restaurant,381 MORELAND AVE SE,ATLANTA,GA,30316,2015/04/16,82
1-13567,Ippolitos,12850 HIGHWAY 9 STE 2500,ALPHARETTA,GA,30004,2015/05/28,98
FSP-060-000269,Island Twist Cuisine,2740 GREENBRIAR PKWY STE B-14,ATLANTA,GA,30331,2015/01/06,91
1-32055,Ison Road Elementary School,8261 ISON RD,SANDY SPRINGS,GA,30350,2015/03/20,100
1-26639,Italia DOro,1100 ABERNATHY RD STE 350,ATLANTA,GA,30328,2015/02/19,100
1-24745,Ivy Hall Assisted Living,5690 STATE BRIDGE,ALPHARETTA,GA,30022,2015/02/11,95
FSP-060-000434,Iztaccihuatl Mexican Food,22 WEST BROAD ST,FAIRBURN,GA,30213,2015/03/24,91
FSP-060-002751,J & J Fish & Chicken,1959 METROPOLITAN PKWY,ATLANTA,GA,30315,2015/06/02,96
FSP-060-001194,J & J Fish & Chicken,1192 PRYOR RD,ATLANTA,GA,30315,2015/05/22,94
FSP-060-001194,J & J Fish & Chicken,1192 PRYOR RD,ATLANTA,GA,30315,2015/04/07,95
FSP-060-001194,J & J Fish & Chicken,1192 PRYOR RD,ATLANTA,GA,30315,2015/01/06,92
1-31797,J Buffalo Wings,3730 CARMIA DR STE 150,ATLANTA,GA,30331,2015/02/10,87
1-19726,J Christophers,3070 WINDWARD PLAZA,ALPHARETTA,GA,30005,2015/05/13,87
1-24403,J Christophers,10930 CRABAPPLE,ROSWELL,GA,30075,2015/06/03,91
1-1579,J Christophers,227 SANDY SPRINGS PLACE STE A,ATLANTA,GA,30328,2015/01/15,91
1-30411,J Christophers  Midtown,950 WEST PEACHTREE ST STE 235,ATLANTA,GA,30309,2015/02/10,90
1-18994,JB Fuqua Boys & Girls Club,405 LOVEJOY ST,ATLANTA,GA,30313,2015/05/11,87
FSP-060-000086,JR Crickets,4550 JONESBORO RD STE C,UNION CITY,GA,30291,2015/05/05,97
FSP-060-001023,Jacks New Yorker Deli,3333 PIEDMONT RD STE 120,ATLANTA,GA,30305,2015/04/15,97
1-23388,Jackson Elementary School,1325 MT. PARAN RD NW,ATLANTA,GA,30327,2015/04/01,95
1-30662,Jackson Primary,4191 NORTHSIDE DR,ATLANTA,GA,30345,2015/04/16,100
FSP-060-002436,Jah Grille,6015 LYNMARK WAY STE 150,FAIRBURN,GA,30213,2015/01/22,95
FSP-060-000738,Jam Rock Jerk Center,1232 METROPOLITAN PKWY,ATLANTA,GA,30310,2015/03/12,94
1-1610,Jamaica Cove,610 SOUTH CENTRAL AVE,HAPEVILLE,GA,30354,2015/03/17,97
FSP-060-001747,Jamba Juice,350 SPELMAN LN,ATLANTA,GA,30314,2015/04/28,100
1-17925,Jasons Deli,3330 PIEDMONT RD NE STE 19,ATLANTA,GA,30305,2015/03/10,86
1-17457,Jasons Deli,3070 WINDWARD PLZ STE T,ALPHARETTA,GA,30005,2015/03/12,93
1-29306,Jasons Deli,230 10TH ST,ATLANTA,GA,30309,2015/05/04,95
1-29553,Jasons Deli,3755 CARMIA DR STE 1210,ATLANTA,GA,30311,2015/04/14,84
FSP-060-002171,Jenis Splendid Ice Creams,1198 HOWELL MILL RD,ATLANTA,GA,30318,2015/04/14,100
FSP-060-000674,Jerk Palace,4550 JONESBORO RD STE M,UNION CITY,GA,30291,2015/01/26,90
1-32324,Jersey Mikes,6035 BAKERS FERRY RD STE 280,ATLANTA,GA,30336,2015/01/08,83
1-30383,Jersey Mikes Subs,2020 HOWELL MILL RD STE C,ATLANTA,GA,30318,2015/03/19,92
1-25293,Jersey Mikes Subs,3740 ROSWELL RD,ATLANTA,GA,30342,2015/05/19,89
1-30198,Jersey Mikes Subs,227 SANDY SPRINGS PLZ STE 102C,ATLANTA,GA,30028,2015/01/16,100
FSP-060-000712,Jets Pizza of Johns Creek,10475 MEDLOCK BRIDGE RD STE 108,JOHNS CREEK,GA,30097,2015/04/02,100
FSP-060-000242,Jillys Cupcakery,12850 HIGHWAY 9 STE 1200,ALPHARETTA,GA,30004,2015/01/09,100
FSP-060-002277,Jim N Nicks BarBQ,285 ANDREW YOUNG INTERNATIONAL BLDG C,ATLANTA,GA,30303,2015/03/26,100
FSP-060-002277,Jim N Nicks BarBQ,285 ANDREW YOUNG INTERNATIONAL BLDG C,ATLANTA,GA,30303,2015/02/13,99
1-30799,Jimmy Johns,1921 PEACHTREE RD NE,ATLANTA,GA,30309,2015/04/27,95
1-31736,Jimmy Johns,925-A PEACHTREE ST NE,ATLANTA,GA,30309,2015/02/26,98
FSP-060-002124,Jimmy Johns,801 DOUG DAVIS DR STE B,ATLANTA,GA,30354,2015/01/02,96
1-32027,JM Sports LLC,7301 CAMPBELLTON RD,ATLANTA,GA,30331,2015/04/16,95
FSP-060-002267,Joes On Juniper,1049 JUNIPER ST,ATLANTA,GA,30309,2015/06/03,91
1-23330,John Hope Elementary,112 BOULEVARD NE,ATLANTA,GA,30312,2015/03/17,96
1-23377,John Wesley Dobbs Elementary School,2025 JONESBORO RD,ATLANTA,GA,30312,2015/03/19,100
1-1646,Johnny Rockets,50 UPPER ALABAMA ST STE 130,ATLANTA,GA,30303,2015/04/30,97
1-31319,Johnny Rockets,280 LUCKIE ST,ATLANTA,GA,30313,2015/05/18,91
1-1649,Johnnys Hideaway,3771 ROSWELL RD NE,ATLANTA,GA,30342,2015/05/18,100
1-32323,Johns Creek High School,5575 STATEBRIDGE RD,JOHNS CREEK,GA,30022,2015/03/04,100
1-24629,Jones Day Cafe,1420 PEACHTREE ST NE,ATLANTA,GA,30309,2015/03/30,98
FSP-060-001440,Joy Wings & Deli,4855 CAMPBELLTON RD STE C,ATLANTA,GA,30331,2015/06/02,93
FSP-060-001440,Joy Wings & Deli,4855 CAMPBELLTON RD STE C,ATLANTA,GA,30331,2015/05/26,76
FSP-060-001261,Joystick Gamebar,427 EDGEWOOD AVE,ATLANTA,GA,30312,2015/03/25,100
FSP-060-001261,Joystick Gamebar,427 EDGEWOOD AVE,ATLANTA,GA,30312,2015/01/07,100
2-31449,Judys Restaurant,38 HUDSON,FAIRBURN,GA,30213,2015/04/13,91
FSP-060-001686,Jungle Atlanta,2115 FAULKNER RD,ATLANTA,GA,30324,2015/03/26,96
FSP-060-002410,Just Turkey,5370 CAMPBELLTON FAIRBURN STE 600,FAIRBURN,GA,30213,2015/04/29,94
FSP-060-002505,Kabob Land,3137 PIEDMONT RD NE,ATLANTA,GA,30305,2015/02/27,95
FSP-060-001880,Kale Me Crazy,300 N HIGHLAND AVE STE B,ATLANTA,GA,30307,2015/04/21,92
2-31803,Kampai Sushi & Hibachi,9700 MEDLOCK BRIDGE RD,JOHNS CREEK,GA,30099,2015/04/06,99
1-26744,Kani House,10820 ABBOTTS BRIDGE,DULUTH,GA,30097,2015/04/03,99
1-31033,Kempani Hawaiian Grill,50 UPPER ALABAMA ST STE 134,ATLANTA,GA,30303,2015/04/23,82
FSP-060-002576,Kempers Cafe And Caribbean Cuisine,1955 METROPOLITAN PKWY,ATLANTA,GA,30315,2015/04/06,97
FSP-060-001336,Kendalls Corner Cafe,1705 JONESBORO RD,ATLANTA,GA,30315,2015/02/18,88
1-30195,Kevin Rathbun Steak LLC,154 KROG ST STE 200,ATLANTA,GA,30307,2015/04/03,96
FSP-060-001238,KFC,23 JOSEPH E LOWERY BLVD,ATLANTA,GA,30314,2015/04/07,99
FSP-060-001328,KFC,3510 CASCADE RD,ATLANTA,GA,30331,2015/01/21,100
FSP-060-001326,KFC,1395 VIRGINIA AVE,EAST POINT,GA,30344,2015/01/15,96
1-31765,Ki Ku Japanese Steakhouse,3630 MARKETPLACE BLVD STE 850,EAST  POINT,GA,30344,2015/05/07,96
1-31765,Ki Ku Japanese Steakhouse,3630 MARKETPLACE BLVD STE 850,EAST  POINT,GA,30344,2015/04/23,73
1-31765,Ki Ku Japanese Steakhouse,3630 MARKETPLACE BLVD STE 850,EAST  POINT,GA,30344,2015/04/16,60
1-32403,Kiku Japanese Steak House,2725 OLD MILTON PKWY STE A,ALPHARETTA,GA,30009,2015/04/03,97
1-24601,Kimberly Clark Cafeteria,1400 HOLCOMB BRIDGE RD,ROSWELL,GA,30076,2015/02/26,92
1-32169,Kindred Hospital Atlanta,705 JUNIPER ST NE,ATLANTA,GA,30308,2015/01/30,93
FSP-060-001819,King & Duke,3060 PEACHTREE ST STE R160,ATLANTA,GA,30305,2015/04/06,91
FSP-060-001819,King & Duke,3060 PEACHTREE ST STE R160,ATLANTA,GA,30305,2015/03/24,70
FSP-060-001820,King & Duke Prep Kitchen,3060 PEACHTREE ST STE R160,ATLANTA,GA,30305,2015/03/24,100
1-30259,Kings Deli,675 WEST PEACHTREE ST,ATLANTA,GA,30308,2015/04/24,91
1-30202,Kings Ridge Christian School,2765 BETHANY BEND,ALPHARETTA,GA,30004,2015/03/25,97
FSP-060-000827,KIPP Atlanta   Collegiate,98 ANDERSON AVE NW,ATLANTA,GA,30314,2015/03/10,96
1-22802,Kipp South Fulton Academy,1286 EAST WASHINGTON AVE,EAST POINT,GA,30344,2015/03/25,100
FSP-060-000114,KIPP Strive Atlanta,1444 LUCILLE AVE SW,ATLANTA,GA,30304,2015/04/28,100
FSP-060-002035,Kipp Strive Primary,1448 LUCILLE AVE SW,ATLANTA,GA,30314,2015/04/28,96
2-31814,KIPP Vision Academy,660 MCWILLIAMS RD SE,ATLANTA,GA,30354,2015/04/22,100
FSP-060-001966,Kipp Ways Academy,350 TEMPLE ST NW,ATLANTA,GA,30314,2015/04/30,99
1-31749,Kozmo Gastro Pub,11890 DOUGLAS STE 105,JOHNS CREEK,GA,30005,2015/02/09,97
1-31749,Kozmo Gastro Pub,11890 DOUGLAS STE 105,JOHNS CREEK,GA,30005,2015/02/02,77
FSP-060-002532,Kravn Wings,806 RALPH DAVID ABERNATHY,ATLANTA,GA,30310,2015/01/12,90
FSP-060-000221,Krazy Buffalos,4920 ROSWELL RD STE 46,ATLANTA,GA,30342,2015/04/22,84
FSP-060-002465,Krispy Krunchy Chicken,20 BROAD ST STE F,ATLANTA,GA,30303,2015/03/31,93
1-1737,Krystal 08,2509 NORTH MAIN ST,EAST POINT,GA,30344,2015/04/04,99
1-1738,Krystal 12,3037 PIEDMONT RD,ATLANTA,GA,30305,2015/04/15,98
1-1742,Krystal 42,626 FOURTEENTH ST NW,ATLANTA,GA,30318,2015/04/29,98
1-1742,Krystal 42,626 FOURTEENTH ST NW,ATLANTA,GA,30318,2015/04/13,98
1-1743,Krystal 43,349 CLEVELAND AVE S,ATLANTA,GA,30315,2015/01/29,91
1-1745,Krystals 10,415 MORELAND AVE SE,ATLANTA,GA,30316,2015/06/05,75
1-21300,Kwans Deli & Korean Kitchen,267 MARIETTA ST,ATLANTA,GA,30313,2015/04/22,93
1-21300,Kwans Deli & Korean Kitchen,267 MARIETTA ST,ATLANTA,GA,30313,2015/04/16,75
1-23361,LO Kimberly Elementary School,3090 MCMURRAY DR SW,ATLANTA,GA,30311,2015/03/30,98
1-31312,La Fiesta Mexican Restaurant,5370 CAMPBELLTON FAIRBURN,FAIRBURN,GA,30213,2015/02/06,90
1-31312,La Fiesta Mexican Restaurant,5370 CAMPBELLTON FAIRBURN,FAIRBURN,GA,30213,2015/01/20,75
1-1759,La Fiesta Mexican Restaurant,1419 VIRGINIA AVE,COLLEGE PARK,GA,30344,2015/01/27,87
1-1762,La Fonda Latina,4427 ROSWELL RD,ATLANTA,GA,30342,2015/05/05,99
1-20454,La Parrilla,865 NORTH MAIN ST,ALPHARETTA,GA,30004,2015/01/09,100
1-29242,La Quinta Inn & Suites 964,1350 NORTH POINT DR,ALPHARETTA,GA,30022,2015/02/04,100
1-31184,Lake Forrest Elementary School,5920 SANDY SPRINGS CIR,SANDY SPRINGS,GA,30327,2015/03/09,96
(1-3318),Lake Windward Elementary School,11770 EAST FOX CTR,ALPHARETTA,GA,30022,2015/03/25,100
1-19684,Lakewood Diner,2885 LAKEWOOD AVE,ATLANTA,GA,30315,2015/02/10,91
1-28630,Landmark Christian School,50 E BROAD ST,FAIRBURN,GA,30213,2015/03/20,94
1-24793,Landmark Diner,3652 ROSWELL RD,ATLANTA,GA,30342,2015/06/03,44
1-24793,Landmark Diner,3652 ROSWELL RD,ATLANTA,GA,30342,2015/05/27,52
FSP-060-001568,Landmark Diner,3231 CAMP CREEK PKWY,ATLANTA,GA,30344,2015/01/28,79
1-32349,Langston Hughes High School,7510 HALL RD,FAIRBURN,GA,30213,2015/03/24,100
FSP-060-002438,Latin Academy Charter School,1442 METROPOLITAN PKWY SW,ATLANTA,GA,30310,2015/03/12,96
1-32601,Le Mekong,10900 MEDLOCK BRIDGE RD STE 105,JOHNS CREEK,GA,30097,2015/04/07,95
FSP-060-002279,Le Metro Creperie,209 EDGEWOOD AVE SE,ATLANTA,GA,30316,2015/03/12,95
1-32148,Le Triskell Inc,3833 ROSWELL RD STE 109 A,ATLANTA,GA,30342,2015/05/15,91
FSP-060-000490,Leaves & Loaves,1197 PEACHTREE ST STE 519,ATLANTA,GA,30361,2015/04/29,100
1-1797,Lees Golden Buddha And Momo Y,3861 ROSWELL RD,ATLANTA,GA,30342,2015/05/26,92
1-1797,Lees Golden Buddha And Momo Y,3861 ROSWELL RD,ATLANTA,GA,30342,2015/05/15,66
FSP-060-000107,Legal Sea Foods,275 BAKER ST NW,ATLANTA,GA,30313,2015/05/18,88
FSP-060-002675,Legend Cafe,5110 OLD NATIONAL HWY STE B,COLLEGE PARK,GA,30349,2015/04/29,95
FSP-060-002675,Legend Cafe,5110 OLD NATIONAL HWY STE B,COLLEGE PARK,GA,30349,2015/04/20,75
1-23823,Lenora P Miles Elementary,4215 BAKERS FERRY RD SW,ATLANTA,GA,30331,2015/03/04,98
1-31518,Level 7 Cafe,81 ANDREW YOUNG INTERNATIONAL BLVD,ATLANTA,GA,30303,2015/01/09,100
1-31517,Level 9 Cafe,81 ANDREW YOUNG INTERNATIONAL BLVD,ATLANTA,GA,30303,2015/01/09,100
FSP-060-001154,Lexis Nexis,1000 ALDERMAN DR,ALPHARETTA,GA,30005,2015/02/06,100
1-21172,Liberty Point Elementary School,9000 HIGHPOINT,UNION CITY,GA,30291,2015/03/19,98
FSP-060-001852,Life Time Athletic Life Cafe,5580 ROSWELL RD,ATLANTA,GA,30342,2015/04/06,87
FSP-060-001845,Life Time Athletic Poolside Bistro,5580 ROSWELL RD,ATLANTA,GA,30342,2015/04/20,99
1-31132,Life Time Fitness  Cafe,11555 JOHNS CREEK PKWY,JOHNS CREEK,GA,30097,2015/04/20,96
1-14091,Lins Chinese Cuisine,12850 HIGHWAY 9 STE 1600,ALPHARETTA,GA,30004,2015/05/18,96
FSP-060-000140,Little Caesars Pizza,1075 FAIRBURN RD,ATLANTA,GA,30331,2015/02/03,93
2-31544,Little Caesars,5370 CAMPBELLTON-FAIRBURN STE 710,FAIRBURN,GA,30213,2015/04/29,90
FSP-060-001975,Little Caesars,841 OAK ST,ATLANTA,GA,30310,2015/03/06,98
1-30701,Little Caesars,1475 HOLCOMB BRIDGE RD,ROSWELL,GA,30076,2015/03/16,86
FSP-060-002537,Little Ceasars Pizza,6395 OLD NATIONAL HWY STE 500,ATLANTA,GA,30349,2015/05/12,89
FSP-060-001607,Little Five Points Pizza Ernst Briese LLC,422 SEMINOLE AVE NE,ATLANTA,GA,30307,2015/02/03,100
1-24457,Little House Cafe,2225 MARIETTA BLVD,ATLANTA,GA,30318,2015/01/27,98
FSP-060-001796,Little Italy Pizza II,20 BROAD ST STE I,ATLANTA,GA,30303,2015/03/30,89
1-23712,Little Thai Cuisine,220 SANDY SPRINGS CIR,ATLANTA,GA,30328,2015/01/30,85
FSP-060-002536,Little Villas Pizza,3873 WASHINGTON RD,EAST POINT,GA,30344,2015/05/22,93
FSP-060-002536,Little Villas Pizza,3873 WASHINGTON RD,EAST POINT,GA,30344,2015/05/18,78
FSP-060-002536,Little Villas Pizza,3873 WASHINGTON RD,EAST POINT,GA,30344,2015/01/16,91
1-28642,Lobby At TWELVE,361 17TH ST NW,ATLANTA,GA,30363,2015/05/18,90
1-32613,Lobster House,10890 HAYNES BRIDGE RD,ALPHARETTA,GA,30022,2015/04/29,92
1-32613,Lobster House,10890 HAYNES BRIDGE RD,ALPHARETTA,GA,30022,2015/04/07,79
1-30772,Loca Luna,550 AMSTERDAM AVE STE C,ATLANTA,GA,30306,2015/04/28,100
1-30772,Loca Luna,550 AMSTERDAM AVE STE C,ATLANTA,GA,30306,2015/04/07,77
2-31468,Loews Atlanta Hotel Banquet Kitchen,1065 PEACHTREE ST,ATLANTA,GA,30309,2015/04/15,100
2-31714,Loews Atlanta Hotel Bar Eleven,1065 PEACHTREE ST,ATLANTA,GA,30309,2015/04/15,100
2-31470,Loews Atlanta Hotel Employee Cafeteria,1065 PEACHTREE ST,ATLANTA,GA,30309,2015/04/15,96
2-31471,Loews Atlanta Hotel Market Eleven,1065 PEACHTREE ST,ATLANTA,GA,30309,2015/04/15,100
